-- GameData1
-- Author: Ithildin
-- DateCreated: 7/29/2021 3:15:37 PM
--------------------------------------------------------------
INSERT OR REPLACE INTO LeaderTraits (LeaderType, TraitType)
SELECT	LeaderType,	'TRAIT_SOTS_TERRAIN_CHANGER'		FROM Leaders WHERE InheritFrom = 'LEADER_DEFAULT';

CREATE TRIGGER SOTS_TRAIT AFTER INSERT ON Leaders WHEN NEW.InheritFrom = 'LEADER_DEFAULT'
BEGIN
	INSERT OR REPLACE INTO LeaderTraits (LeaderType, TraitType)
	VALUES	(NEW.LeaderType,	'TRAIT_SOTS_TERRAIN_CHANGER');
END;

INSERT OR REPLACE INTO TraitModifiers (TraitType, ModifierId)
VALUES	('TRAIT_SOTS_TERRAIN_CHANGER',			'MODFEAT_SOTS_OCEAN_CITY_GOLD'),
		('TRAIT_SOTS_TERRAIN_CHANGER',			'MODFEAT_SOTS_OCEAN_CITY_FOOD'),
		('TRAIT_SOTS_TERRAIN_CHANGER',			'MODFEAT_SOTS_OCEAN_CITY_FISHERY'),
		('TRAIT_SOTS_TERRAIN_CHANGER',			'MODFEAT_SOTS_FISHERY_CULTURE_BOMB'),
		('TRAIT_SOTS_TERRAIN_CHANGER',			'MODFEAT_SOTS_REEF_WONDER');

INSERT OR REPLACE INTO Modifiers (ModifierId, ModifierType, SubjectRequirementSetId)
VALUES	('MODFEAT_SOTS_OCEAN_CITY_GOLD',		'MODIFIER_PLAYER_CITIES_ATTACH_MODIFIER',				'REQSET_SOTS_OCEAN_CITY'),
		('MODFEAT_SOTS_OCEAN_CITY_GOLD_M',		'MODIFIER_CITY_PLOT_YIELDS_ADJUST_PLOT_YIELD',			'REQSET_SOTS_WATER_PLOT'),
		('MODFEAT_SOTS_OCEAN_CITY_FOOD',		'MODIFIER_PLAYER_CITIES_ATTACH_MODIFIER',				'REQSET_SOTS_OCEAN_CITY'),
		('MODFEAT_SOTS_OCEAN_CITY_FOOD_M',		'MODIFIER_CITY_PLOT_YIELDS_ADJUST_PLOT_YIELD',			'REQSET_SOTS_WATER_PLOT'),
		('MODFEAT_SOTS_OCEAN_CITY_FISHERY',		'MODIFIER_PLAYER_CITIES_ATTACH_MODIFIER',				'REQSET_SOTS_OCEAN_CITY'),
		('MODFEAT_SOTS_FISHERY_CULTURE_BOMB',	'MODIFIER_PLAYER_ADD_CULTURE_BOMB_TRIGGER',				NULL),
		('MODFEAT_SOTS_REEF_WONDER',			'MODIFIER_PLAYER_CITIES_ADJUST_VALID_FEATURES_WONDERS', NULL);

INSERT OR REPLACE INTO ModifierArguments (ModifierId, Name, Value)
VALUES	('MODFEAT_SOTS_OCEAN_CITY_GOLD',		'ModifierId',		'MODFEAT_SOTS_OCEAN_CITY_GOLD_M'),
		('MODFEAT_SOTS_OCEAN_CITY_GOLD_M',		'Amount',			1),
		('MODFEAT_SOTS_OCEAN_CITY_GOLD_M',		'YieldType',		'YIELD_GOLD'),
		('MODFEAT_SOTS_OCEAN_CITY_FOOD',		'ModifierId',		'MODFEAT_SOTS_OCEAN_CITY_FOOD_M'),
		('MODFEAT_SOTS_OCEAN_CITY_FOOD_M',		'Amount',			1),
		('MODFEAT_SOTS_OCEAN_CITY_FOOD_M',		'YieldType',		'YIELD_FOOD'),
		('MODFEAT_SOTS_OCEAN_CITY_FOOD',		'ModifierId',		'AQUACULTURE_CAN_BUILD_FISHERY'),
		('MODFEAT_SOTS_FISHERY_CULTURE_BOMB',	'ImprovementType',	'IMPROVEMENT_FISHERY'),
		('MODFEAT_SOTS_REEF_WONDER',			'FeatureType',		'FEATURE_REEF');

--Build on Reef 2155093952
INSERT OR REPLACE INTO TraitModifiers(TraitType, ModifierId)
SELECT	'TRAIT_SOTS_TERRAIN_CHANGER',					'MODFEAT_SOTS_REEF_'||DistrictType							FROM Districts WHERE Coast = 1;

INSERT OR REPLACE INTO Modifiers(ModifierId, ModifierType)
SELECT	'MODFEAT_SOTS_REEF_'||DistrictType,				'MODIFIER_PLAYER_CITIES_ADJUST_VALID_FEATURES_DISTRICTS'	FROM Districts WHERE Coast = 1;

INSERT OR REPLACE INTO ModifierArguments(ModifierId, Name, Value)
SELECT			'MODFEAT_SOTS_REEF_'||DistrictType,		'DistrictType', DistrictType								FROM Districts WHERE Coast = 1
UNION SELECT	'MODFEAT_SOTS_REEF_'||DistrictType,		'FeatureType', 'FEATURE_REEF'								FROM Districts WHERE Coast = 1;

--OCT 2559081160
INSERT OR REPLACE INTO Resource_ValidTerrains (ResourceType, TerrainType)
SELECT	ResourceType, 'TERRAIN_OCEAN' FROM Resource_ValidTerrains WHERE TerrainType='TERRAIN_COAST' AND ResourceType NOT IN ('RESOURCE_AMBER', 'RESOURCE_CRABS', 'RESOURCE_PEARLS', 'RESOURCE_SUK_CAVIAR');

--Fisheries++ 2082248245
INSERT OR REPLACE INTO Improvement_ValidTerrains (ImprovementType, TerrainType)
SELECT	ImprovementType,	'TERRAIN_OCEAN' FROM Improvements WHERE ImprovementType IN ('IMPROVEMENT_GOODY_HUT', 'IMPROVEMENT_FISHERY');

INSERT OR REPLACE INTO Improvement_ValidFeatures (ImprovementType, FeatureType)
SELECT	ImprovementType,	'FEATURE_REEF' FROM Improvements WHERE ImprovementType IN ('IMPROVEMENT_GOODY_HUT', 'IMPROVEMENT_FISHERY');

--Coastal Districts 2679992682
INSERT OR REPLACE INTO MutuallyExclusiveDistricts (District, MutuallyExclusiveDistrict)
SELECT			CivUniqueDistrictType,					'DISTRICT_SOTS_COAST_CAMPUS'			FROM DistrictReplaces WHERE ReplacesDistrictType = 'DISTRICT_CAMPUS'
UNION SELECT	'DISTRICT_SOTS_COAST_CAMPUS',			CivUniqueDistrictType					FROM DistrictReplaces WHERE ReplacesDistrictType = 'DISTRICT_CAMPUS'
UNION SELECT	CivUniqueDistrictType,					'DISTRICT_SOTS_COAST_THEATER'			FROM DistrictReplaces WHERE ReplacesDistrictType = 'DISTRICT_THEATER'
UNION SELECT	'DISTRICT_SOTS_COAST_THEATER',			CivUniqueDistrictType					FROM DistrictReplaces WHERE ReplacesDistrictType = 'DISTRICT_THEATER'
UNION SELECT	CivUniqueDistrictType,					'DISTRICT_SOTS_COAST_INDUSTRIAL_ZONE'	FROM DistrictReplaces WHERE ReplacesDistrictType = 'DISTRICT_INDUSTRIAL_ZONE'
UNION SELECT	'DISTRICT_SOTS_COAST_INDUSTRIAL_ZONE',	CivUniqueDistrictType					FROM DistrictReplaces WHERE ReplacesDistrictType = 'DISTRICT_INDUSTRIAL_ZONE'
UNION SELECT	CivUniqueDistrictType,					'DISTRICT_SOTS_COAST_HOLY_SITE'			FROM DistrictReplaces WHERE ReplacesDistrictType = 'DISTRICT_HOLY_SITE'
UNION SELECT	'DISTRICT_SOTS_COAST_HOLY_SITE',			CivUniqueDistrictType				FROM DistrictReplaces WHERE ReplacesDistrictType = 'DISTRICT_HOLY_SITE'
UNION SELECT	CivUniqueDistrictType,					'DISTRICT_SOTS_COAST_COMMERCIAL_HUB'	FROM DistrictReplaces WHERE ReplacesDistrictType = 'DISTRICT_COMMERCIAL_HUB'
UNION SELECT	'DISTRICT_SOTS_COAST_COMMERCIAL_HUB',	CivUniqueDistrictType					FROM DistrictReplaces WHERE ReplacesDistrictType = 'DISTRICT_COMMERCIAL_HUB';

--WaterDist 2679992682		
INSERT OR REPLACE INTO TraitModifiers(TraitType, ModifierId)
VALUES	('MINOR_CIV_RELIGIOUS_TRAIT',	'MINOR_CIV_RELIGIOUS_S_INF_SOTS_SHRINE'),
		('MINOR_CIV_RELIGIOUS_TRAIT',	'MINOR_CIV_RELIGIOUS_M_INF_SOTS_TEMPLE'),
		('MINOR_CIV_RELIGIOUS_TRAIT',	'MINOR_CIV_RELIGIOUS_L_INF_SOTS_CATHEDRAL'),
		('MINOR_CIV_RELIGIOUS_TRAIT',	'MINOR_CIV_RELIGIOUS_L_INF_SOTS_GURDWARA'),
		('MINOR_CIV_RELIGIOUS_TRAIT',	'MINOR_CIV_RELIGIOUS_L_INF_SOTS_MEETING_HOUSE'),
		('MINOR_CIV_RELIGIOUS_TRAIT',	'MINOR_CIV_RELIGIOUS_L_INF_SOTS_MOSQUE'),
		('MINOR_CIV_RELIGIOUS_TRAIT',	'MINOR_CIV_RELIGIOUS_L_INF_SOTS_PAGODA'),
		('MINOR_CIV_RELIGIOUS_TRAIT',	'MINOR_CIV_RELIGIOUS_L_INF_SOTS_SYNAGOGUE'),
		('MINOR_CIV_RELIGIOUS_TRAIT',	'MINOR_CIV_RELIGIOUS_L_INF_SOTS_WAT'),
		('MINOR_CIV_RELIGIOUS_TRAIT',	'MINOR_CIV_RELIGIOUS_L_INF_SOTS_STUPA'),
		('MINOR_CIV_RELIGIOUS_TRAIT',	'MINOR_CIV_RELIGIOUS_L_INF_SOTS_DAR_E_MEHR'),

		('MINOR_CIV_SCIENTIFIC_TRAIT',	'MINOR_CIV_SCIENTIFIC_S_INF_SOTS_LIBRARY'),
		('MINOR_CIV_SCIENTIFIC_TRAIT',	'MINOR_CIV_SCIENTIFIC_M_INF_SOTS_UNIVERSITY'),
		('MINOR_CIV_SCIENTIFIC_TRAIT',	'MINOR_CIV_SCIENTIFIC_L_INF_SOTS_RESEARCH_LAB'),

		('MINOR_CIV_TRADE_TRAIT',		'MINOR_CIV_TRADE_S_INF_SOTS_MARKET'),
		('MINOR_CIV_TRADE_TRAIT',		'MINOR_CIV_TRADE_M_INF_SOTS_BANK'),
		('MINOR_CIV_TRADE_TRAIT',		'MINOR_CIV_TRADE_L_INF_SOTS_STOCK_EXCHANGE'),

		('MINOR_CIV_CULTURAL_TRAIT',	'MINOR_CIV_CULTURAL_S_INF_SOTS_AMPHITHEATER'),
		('MINOR_CIV_CULTURAL_TRAIT',	'MINOR_CIV_CULTURAL_M_INF_SOTS_MUSEUM_ART'),
		('MINOR_CIV_CULTURAL_TRAIT',	'MINOR_CIV_CULTURAL_M_INF_SOTS_MUSEUM_ARTIFACT'),
		('MINOR_CIV_CULTURAL_TRAIT',	'MINOR_CIV_CULTURAL_L_INF_SOTS_BROADCAST_CENTER'),

		('MINOR_CIV_INDUSTRIAL_TRAIT',	'MINOR_CIV_INDUSTRIAL_S_INF_SOTS_WORKSHOP'),
		('MINOR_CIV_INDUSTRIAL_TRAIT',	'MINOR_CIV_INDUSTRIAL_M_INF_SOTS_FACTORY'),
		('MINOR_CIV_INDUSTRIAL_TRAIT',	'MINOR_CIV_INDUSTRIAL_L_INF_SOTS_FOSSIL_FUEL_POWER_PLANT'),
		('MINOR_CIV_INDUSTRIAL_TRAIT',	'MINOR_CIV_INDUSTRIAL_L_INF_SOTS_COAL_POWER_PLANT'),
		('MINOR_CIV_INDUSTRIAL_TRAIT',	'MINOR_CIV_INDUSTRIAL_L_INF_SOTS_NUCLEAR_POWER_PLANT');

INSERT OR REPLACE INTO Modifiers(ModifierId, ModifierType, SubjectRequirementSetId)
VALUES	('MINOR_CIV_RELIGIOUS_S_INF_SOTS_SHRINE',						'MODIFIER_ALL_PLAYERS_ATTACH_MODIFIER', 'PLAYER_HAS_SMALL_INFLUENCE'),
		('MINOR_CIV_RELIGIOUS_YIELD_FOR_SOTS_SHRINE',					'MODIFIER_PLAYER_CITIES_ADJUST_BUILDING_YIELD_CHANGE', NULL),
		('MINOR_CIV_RELIGIOUS_M_INF_SOTS_TEMPLE',						'MODIFIER_ALL_PLAYERS_ATTACH_MODIFIER', 'PLAYER_HAS_MEDIUM_INFLUENCE'),
		('MINOR_CIV_RELIGIOUS_YIELD_FOR_SOTS_TEMPLE',					'MODIFIER_PLAYER_CITIES_ADJUST_BUILDING_YIELD_CHANGE', NULL),
		('MINOR_CIV_RELIGIOUS_L_INF_SOTS_CATHEDRAL',					'MODIFIER_ALL_PLAYERS_ATTACH_MODIFIER', 'PLAYER_HAS_LARGE_INFLUENCE'),
		('MINOR_CIV_RELIGIOUS_YIELD_FOR_SOTS_CATHEDRAL',				'MODIFIER_PLAYER_CITIES_ADJUST_BUILDING_YIELD_CHANGE', NULL),
		('MINOR_CIV_RELIGIOUS_L_INF_SOTS_GURDWARA',						'MODIFIER_ALL_PLAYERS_ATTACH_MODIFIER', 'PLAYER_HAS_LARGE_INFLUENCE'),
		('MINOR_CIV_RELIGIOUS_YIELD_FOR_SOTS_GURDWARA',					'MODIFIER_PLAYER_CITIES_ADJUST_BUILDING_YIELD_CHANGE', NULL),
		('MINOR_CIV_RELIGIOUS_L_INF_SOTS_MEETING_HOUSE',				'MODIFIER_ALL_PLAYERS_ATTACH_MODIFIER', 'PLAYER_HAS_LARGE_INFLUENCE'),
		('MINOR_CIV_RELIGIOUS_YIELD_FOR_SOTS_MEETING_HOUSE',			'MODIFIER_PLAYER_CITIES_ADJUST_BUILDING_YIELD_CHANGE', NULL),
		('MINOR_CIV_RELIGIOUS_L_INF_SOTS_MOSQUE',						'MODIFIER_ALL_PLAYERS_ATTACH_MODIFIER', 'PLAYER_HAS_LARGE_INFLUENCE'),
		('MINOR_CIV_RELIGIOUS_YIELD_FOR_SOTS_MOSQUE',					'MODIFIER_PLAYER_CITIES_ADJUST_BUILDING_YIELD_CHANGE', NULL),
		('MINOR_CIV_RELIGIOUS_L_INF_SOTS_PAGODA',						'MODIFIER_ALL_PLAYERS_ATTACH_MODIFIER', 'PLAYER_HAS_LARGE_INFLUENCE'),
		('MINOR_CIV_RELIGIOUS_YIELD_FOR_SOTS_PAGODA',					'MODIFIER_PLAYER_CITIES_ADJUST_BUILDING_YIELD_CHANGE', NULL),
		('MINOR_CIV_RELIGIOUS_L_INF_SOTS_SYNAGOGUE',					'MODIFIER_ALL_PLAYERS_ATTACH_MODIFIER', 'PLAYER_HAS_LARGE_INFLUENCE'),
		('MINOR_CIV_RELIGIOUS_YIELD_FOR_SOTS_SYNAGOGUE',				'MODIFIER_PLAYER_CITIES_ADJUST_BUILDING_YIELD_CHANGE', NULL),
		('MINOR_CIV_RELIGIOUS_L_INF_SOTS_WAT',							'MODIFIER_ALL_PLAYERS_ATTACH_MODIFIER', 'PLAYER_HAS_LARGE_INFLUENCE'),
		('MINOR_CIV_RELIGIOUS_YIELD_FOR_SOTS_WAT',						'MODIFIER_PLAYER_CITIES_ADJUST_BUILDING_YIELD_CHANGE', NULL),
		('MINOR_CIV_RELIGIOUS_L_INF_SOTS_STUPA',						'MODIFIER_ALL_PLAYERS_ATTACH_MODIFIER', 'PLAYER_HAS_LARGE_INFLUENCE'),
		('MINOR_CIV_RELIGIOUS_YIELD_FOR_SOTS_STUPA',					'MODIFIER_PLAYER_CITIES_ADJUST_BUILDING_YIELD_CHANGE', NULL),
		('MINOR_CIV_RELIGIOUS_L_INF_SOTS_DAR_E_MEHR',					'MODIFIER_ALL_PLAYERS_ATTACH_MODIFIER', 'PLAYER_HAS_LARGE_INFLUENCE'),
		('MINOR_CIV_RELIGIOUS_YIELD_FOR_SOTS_DAR_E_MEHR',				'MODIFIER_PLAYER_CITIES_ADJUST_BUILDING_YIELD_CHANGE', NULL),
		
		('MINOR_CIV_SCIENTIFIC_S_INF_SOTS_LIBRARY',						'MODIFIER_ALL_PLAYERS_ATTACH_MODIFIER', 'PLAYER_HAS_SMALL_INFLUENCE'),
		('MINOR_CIV_SCIENTIFIC_YIELD_FOR_SOTS_LIBRARY',					'MODIFIER_PLAYER_CITIES_ADJUST_BUILDING_YIELD_CHANGE', NULL),
		('MINOR_CIV_SCIENTIFIC_M_INF_SOTS_UNIVERSITY',					'MODIFIER_ALL_PLAYERS_ATTACH_MODIFIER', 'PLAYER_HAS_MEDIUM_INFLUENCE'),
		('MINOR_CIV_SCIENTIFIC_YIELD_FOR_SOTS_UNIVERSITY',				'MODIFIER_PLAYER_CITIES_ADJUST_BUILDING_YIELD_CHANGE', NULL),
		('MINOR_CIV_SCIENTIFIC_L_INF_SOTS_RESEARCH_LAB',				'MODIFIER_ALL_PLAYERS_ATTACH_MODIFIER', 'PLAYER_HAS_LARGE_INFLUENCE'),
		('MINOR_CIV_SCIENTIFIC_YIELD_FOR_SOTS_RESEARCH_LAB',			'MODIFIER_PLAYER_CITIES_ADJUST_BUILDING_YIELD_CHANGE', NULL),
		
		('MINOR_CIV_TRADE_S_INF_SOTS_MARKET',							'MODIFIER_ALL_PLAYERS_ATTACH_MODIFIER', 'PLAYER_HAS_SMALL_INFLUENCE'),
		('MINOR_CIV_TRADE_YIELD_FOR_SOTS_MARKET',						'MODIFIER_PLAYER_CITIES_ADJUST_BUILDING_YIELD_CHANGE', NULL),
		('MINOR_CIV_TRADE_M_INF_SOTS_BANK',								'MODIFIER_ALL_PLAYERS_ATTACH_MODIFIER', 'PLAYER_HAS_MEDIUM_INFLUENCE'),
		('MINOR_CIV_TRADE_YIELD_FOR_SOTS_BANK',							'MODIFIER_PLAYER_CITIES_ADJUST_BUILDING_YIELD_CHANGE', NULL),
		('MINOR_CIV_TRADE_L_INF_SOTS_STOCK_EXCHANGE',					'MODIFIER_ALL_PLAYERS_ATTACH_MODIFIER', 'PLAYER_HAS_LARGE_INFLUENCE'),
		('MINOR_CIV_TRADE_YIELD_FOR_SOTS_STOCK_EXCHANGE',				'MODIFIER_PLAYER_CITIES_ADJUST_BUILDING_YIELD_CHANGE', NULL),
		
		('MINOR_CIV_CULTURAL_S_INF_SOTS_AMPHITHEATER',					'MODIFIER_ALL_PLAYERS_ATTACH_MODIFIER', 'PLAYER_HAS_SMALL_INFLUENCE'),
		('MINOR_CIV_CULTURAL_YIELD_FOR_SOTS_AMPHITHEATER',				'MODIFIER_PLAYER_CITIES_ADJUST_BUILDING_YIELD_CHANGE', NULL),
		('MINOR_CIV_CULTURAL_M_INF_SOTS_MUSEUM_ART',					'MODIFIER_ALL_PLAYERS_ATTACH_MODIFIER', 'PLAYER_HAS_MEDIUM_INFLUENCE'),
		('MINOR_CIV_CULTURAL_YIELD_FOR_SOTS_MUSEUM_ART',				'MODIFIER_PLAYER_CITIES_ADJUST_BUILDING_YIELD_CHANGE', NULL),
		('MINOR_CIV_CULTURAL_M_INF_SOTS_MUSEUM_ARTIFACT',				'MODIFIER_ALL_PLAYERS_ATTACH_MODIFIER', 'PLAYER_HAS_MEDIUM_INFLUENCE'),
		('MINOR_CIV_CULTURAL_YIELD_FOR_SOTS_MUSEUM_ARTIFACT',			'MODIFIER_PLAYER_CITIES_ADJUST_BUILDING_YIELD_CHANGE', NULL),
		('MINOR_CIV_CULTURAL_L_INF_SOTS_BROADCAST_CENTER',				'MODIFIER_ALL_PLAYERS_ATTACH_MODIFIER', 'PLAYER_HAS_LARGE_INFLUENCE'),
		('MINOR_CIV_CULTURAL_YIELD_FOR_SOTS_BROADCAST_CENTER',			'MODIFIER_PLAYER_CITIES_ADJUST_BUILDING_YIELD_CHANGE', NULL),
		
		('MINOR_CIV_INDUSTRIAL_S_INF_SOTS_WORKSHOP',					'MODIFIER_ALL_PLAYERS_ATTACH_MODIFIER', 'PLAYER_HAS_SMALL_INFLUENCE'),
		('MINOR_CIV_INDUSTRIAL_YIELD_FOR_SOTS_WORKSHOP',				'MODIFIER_PLAYER_CITIES_ADJUST_BUILDING_YIELD_CHANGE', NULL),
		('MINOR_CIV_INDUSTRIAL_M_INF_SOTS_FACTORY',						'MODIFIER_ALL_PLAYERS_ATTACH_MODIFIER', 'PLAYER_HAS_MEDIUM_INFLUENCE'),
		('MINOR_CIV_INDUSTRIAL_YIELD_FOR_SOTS_FACTORY',					'MODIFIER_PLAYER_CITIES_ADJUST_BUILDING_YIELD_CHANGE', NULL),
		('MINOR_CIV_INDUSTRIAL_L_INF_SOTS_FOSSIL_FUEL_POWER_PLANT',		'MODIFIER_ALL_PLAYERS_ATTACH_MODIFIER', 'PLAYER_HAS_LARGE_INFLUENCE'),
		('MINOR_CIV_INDUSTRIAL_YIELD_FOR_SOTS_FOSSIL_FUEL_POWER_PLANT',	'MODIFIER_PLAYER_CITIES_ADJUST_BUILDING_YIELD_CHANGE', NULL),
		('MINOR_CIV_INDUSTRIAL_L_INF_SOTS_COAL_POWER_PLANT',			'MODIFIER_ALL_PLAYERS_ATTACH_MODIFIER', 'PLAYER_HAS_LARGE_INFLUENCE'),
		('MINOR_CIV_INDUSTRIAL_YIELD_FOR_SOTS_COAL_POWER_PLANT',		'MODIFIER_PLAYER_CITIES_ADJUST_BUILDING_YIELD_CHANGE', NULL),
		('MINOR_CIV_INDUSTRIAL_L_INF_SOTS_NUCLEAR_POWER_PLANT',			'MODIFIER_ALL_PLAYERS_ATTACH_MODIFIER', 'PLAYER_HAS_LARGE_INFLUENCE'),
		('MINOR_CIV_INDUSTRIAL_YIELD_FOR_SOTS_NUCLEAR_POWER_PLANT',		'MODIFIER_PLAYER_CITIES_ADJUST_BUILDING_YIELD_CHANGE', NULL);

INSERT OR REPLACE INTO ModifierArguments(ModifierId, Name, Value)
VALUES	('MINOR_CIV_RELIGIOUS_S_INF_SOTS_SHRINE',						'ModifierId',		'MINOR_CIV_RELIGIOUS_YIELD_FOR_SOTS_SHRINE'),
		('MINOR_CIV_RELIGIOUS_YIELD_FOR_SOTS_SHRINE',					'YieldType',		'YIELD_FAITH'),
		('MINOR_CIV_RELIGIOUS_YIELD_FOR_SOTS_SHRINE',					'BuildingType',		'BUILDING_SOTS_COAST_SHRINE'),
		('MINOR_CIV_RELIGIOUS_YIELD_FOR_SOTS_SHRINE',					'CityStatesOnly',	1),
		('MINOR_CIV_RELIGIOUS_YIELD_FOR_SOTS_SHRINE',					'Amount',			1),
		('MINOR_CIV_RELIGIOUS_M_INF_SOTS_TEMPLE',						'ModifierId',		'MINOR_CIV_RELIGIOUS_YIELD_FOR_SOTS_TEMPLE'),
		('MINOR_CIV_RELIGIOUS_YIELD_FOR_SOTS_TEMPLE',					'YieldType',		'YIELD_FAITH'),
		('MINOR_CIV_RELIGIOUS_YIELD_FOR_SOTS_TEMPLE',					'BuildingType',		'BUILDING_SOTS_COAST_TEMPLE'),
		('MINOR_CIV_RELIGIOUS_YIELD_FOR_SOTS_TEMPLE',					'CityStatesOnly',	1),
		('MINOR_CIV_RELIGIOUS_YIELD_FOR_SOTS_TEMPLE',					'Amount',			2),
		('MINOR_CIV_RELIGIOUS_L_INF_SOTS_CATHEDRAL',					'ModifierId',		'MINOR_CIV_RELIGIOUS_YIELD_FOR_SOTS_CATHEDRAL'),
		('MINOR_CIV_RELIGIOUS_YIELD_FOR_SOTS_CATHEDRAL',				'YieldType',		'YIELD_FAITH'),
		('MINOR_CIV_RELIGIOUS_YIELD_FOR_SOTS_CATHEDRAL',				'BuildingType',		'BUILDING_SOTS_COAST_CATHEDRAL'),
		('MINOR_CIV_RELIGIOUS_YIELD_FOR_SOTS_CATHEDRAL',				'CityStatesOnly',	1),
		('MINOR_CIV_RELIGIOUS_YIELD_FOR_SOTS_CATHEDRAL',				'Amount',			3),
		('MINOR_CIV_RELIGIOUS_L_INF_SOTS_GURDWARA',						'ModifierId',		'MINOR_CIV_RELIGIOUS_YIELD_FOR_SOTS_GURDWARA'),
		('MINOR_CIV_RELIGIOUS_YIELD_FOR_SOTS_GURDWARA',					'YieldType',		'YIELD_FAITH'),
		('MINOR_CIV_RELIGIOUS_YIELD_FOR_SOTS_GURDWARA',					'BuildingType',		'BUILDING_SOTS_COAST_GURDWARA'),
		('MINOR_CIV_RELIGIOUS_YIELD_FOR_SOTS_GURDWARA',					'CityStatesOnly',	1),
		('MINOR_CIV_RELIGIOUS_YIELD_FOR_SOTS_GURDWARA',					'Amount',			3),
		('MINOR_CIV_RELIGIOUS_L_INF_SOTS_MEETING_HOUSE',				'ModifierId',		'MINOR_CIV_RELIGIOUS_YIELD_FOR_SOTS_MEETING_HOUSE'),
		('MINOR_CIV_RELIGIOUS_YIELD_FOR_SOTS_MEETING_HOUSE',			'YieldType',		'YIELD_FAITH'),
		('MINOR_CIV_RELIGIOUS_YIELD_FOR_SOTS_MEETING_HOUSE',			'BuildingType',		'BUILDING_SOTS_COAST_MEETING_HOUSE'),
		('MINOR_CIV_RELIGIOUS_YIELD_FOR_SOTS_MEETING_HOUSE',			'CityStatesOnly',	1),
		('MINOR_CIV_RELIGIOUS_YIELD_FOR_SOTS_MEETING_HOUSE',			'Amount',			3),
		('MINOR_CIV_RELIGIOUS_L_INF_SOTS_MOSQUE',						'ModifierId',		'MINOR_CIV_RELIGIOUS_YIELD_FOR_SOTS_MOSQUE'),
		('MINOR_CIV_RELIGIOUS_YIELD_FOR_SOTS_MOSQUE',					'YieldType',		'YIELD_FAITH'),
		('MINOR_CIV_RELIGIOUS_YIELD_FOR_SOTS_MOSQUE',					'BuildingType',		'BUILDING_SOTS_COAST_MOSQUE'),
		('MINOR_CIV_RELIGIOUS_YIELD_FOR_SOTS_MOSQUE',					'CityStatesOnly',	1),
		('MINOR_CIV_RELIGIOUS_YIELD_FOR_SOTS_MOSQUE',					'Amount',			3),
		('MINOR_CIV_RELIGIOUS_L_INF_SOTS_PAGODA',						'ModifierId',		'MINOR_CIV_RELIGIOUS_YIELD_FOR_SOTS_PAGODA'),
		('MINOR_CIV_RELIGIOUS_YIELD_FOR_SOTS_PAGODA',					'YieldType',		'YIELD_FAITH'),
		('MINOR_CIV_RELIGIOUS_YIELD_FOR_SOTS_PAGODA',					'BuildingType',		'BUILDING_SOTS_COAST_PAGODA'),
		('MINOR_CIV_RELIGIOUS_YIELD_FOR_SOTS_PAGODA',					'CityStatesOnly',	1),
		('MINOR_CIV_RELIGIOUS_YIELD_FOR_SOTS_PAGODA',					'Amount',			3),
		('MINOR_CIV_RELIGIOUS_L_INF_SOTS_SYNAGOGUE',					'ModifierId',		'MINOR_CIV_RELIGIOUS_YIELD_FOR_SOTS_SYNAGOGUE'),
		('MINOR_CIV_RELIGIOUS_YIELD_FOR_SOTS_SYNAGOGUE',				'YieldType',		'YIELD_FAITH'),
		('MINOR_CIV_RELIGIOUS_YIELD_FOR_SOTS_SYNAGOGUE',				'BuildingType',		'BUILDING_SOTS_COAST_SYNAGOGUE'),
		('MINOR_CIV_RELIGIOUS_YIELD_FOR_SOTS_SYNAGOGUE',				'CityStatesOnly',	1),
		('MINOR_CIV_RELIGIOUS_YIELD_FOR_SOTS_SYNAGOGUE',				'Amount',			3),
		('MINOR_CIV_RELIGIOUS_L_INF_SOTS_WAT',							'ModifierId',		'MINOR_CIV_RELIGIOUS_YIELD_FOR_SOTS_WAT'),
		('MINOR_CIV_RELIGIOUS_YIELD_FOR_SOTS_WAT',						'YieldType',		'YIELD_FAITH'),
		('MINOR_CIV_RELIGIOUS_YIELD_FOR_SOTS_WAT',						'BuildingType',		'BUILDING_SOTS_COAST_WAT'),
		('MINOR_CIV_RELIGIOUS_YIELD_FOR_SOTS_WAT',						'CityStatesOnly',	1),
		('MINOR_CIV_RELIGIOUS_YIELD_FOR_SOTS_WAT',						'Amount',			3),
		('MINOR_CIV_RELIGIOUS_L_INF_SOTS_STUPA',						'ModifierId',		'MINOR_CIV_RELIGIOUS_YIELD_FOR_SOTS_STUPA'),
		('MINOR_CIV_RELIGIOUS_YIELD_FOR_SOTS_STUPA',					'YieldType',		'YIELD_FAITH'),
		('MINOR_CIV_RELIGIOUS_YIELD_FOR_SOTS_STUPA',					'BuildingType',		'BUILDING_SOTS_COAST_STUPA'),
		('MINOR_CIV_RELIGIOUS_YIELD_FOR_SOTS_STUPA',					'CityStatesOnly',	1),
		('MINOR_CIV_RELIGIOUS_YIELD_FOR_SOTS_STUPA',					'Amount',			3),
		('MINOR_CIV_RELIGIOUS_L_INF_SOTS_DAR_E_MEHR',					'ModifierId',		'MINOR_CIV_RELIGIOUS_YIELD_FOR_SOTS_DAR_E_MEHR'),
		('MINOR_CIV_RELIGIOUS_YIELD_FOR_SOTS_DAR_E_MEHR',				'YieldType',		'YIELD_FAITH'),
		('MINOR_CIV_RELIGIOUS_YIELD_FOR_SOTS_DAR_E_MEHR',				'BuildingType',		'BUILDING_SOTS_COAST_DAR_E_MEHR'),
		('MINOR_CIV_RELIGIOUS_YIELD_FOR_SOTS_DAR_E_MEHR',				'CityStatesOnly',	1),
		('MINOR_CIV_RELIGIOUS_YIELD_FOR_SOTS_DAR_E_MEHR',				'Amount',			3),

		('MINOR_CIV_SCIENTIFIC_S_INF_SOTS_LIBRARY',						'ModifierId',		'MINOR_CIV_SCIENTIFIC_YIELD_FOR_SOTS_LIBRARY'),
		('MINOR_CIV_SCIENTIFIC_YIELD_FOR_SOTS_LIBRARY',					'YieldType',		'YIELD_SCIENCE'),
		('MINOR_CIV_SCIENTIFIC_YIELD_FOR_SOTS_LIBRARY',					'BuildingType',		'BUILDING_SOTS_COAST_LIBRARY'),
		('MINOR_CIV_SCIENTIFIC_YIELD_FOR_SOTS_LIBRARY',					'CityStatesOnly',	1),
		('MINOR_CIV_SCIENTIFIC_YIELD_FOR_SOTS_LIBRARY',					'Amount',			1),
		('MINOR_CIV_SCIENTIFIC_M_INF_SOTS_UNIVERSITY',					'ModifierId',		'MINOR_CIV_SCIENTIFIC_YIELD_FOR_SOTS_UNIVERSITY'),
		('MINOR_CIV_SCIENTIFIC_YIELD_FOR_SOTS_UNIVERSITY',				'YieldType',		'YIELD_SCIENCE'),
		('MINOR_CIV_SCIENTIFIC_YIELD_FOR_SOTS_UNIVERSITY',				'BuildingType',		'BUILDING_SOTS_COAST_UNIVERSITY'),
		('MINOR_CIV_SCIENTIFIC_YIELD_FOR_SOTS_UNIVERSITY',				'CityStatesOnly',	1),
		('MINOR_CIV_SCIENTIFIC_YIELD_FOR_SOTS_UNIVERSITY',				'Amount',			2),
		('MINOR_CIV_SCIENTIFIC_L_INF_SOTS_RESEARCH_LAB',				'ModifierId',		'MINOR_CIV_SCIENTIFIC_YIELD_FOR_SOTS_RESEARCH_LAB'),
		('MINOR_CIV_SCIENTIFIC_YIELD_FOR_SOTS_RESEARCH_LAB',			'YieldType',		'YIELD_SCIENCE'),
		('MINOR_CIV_SCIENTIFIC_YIELD_FOR_SOTS_RESEARCH_LAB',			'BuildingType',		'BUILDING_SOTS_COAST_RESEARCH_LAB'),
		('MINOR_CIV_SCIENTIFIC_YIELD_FOR_SOTS_RESEARCH_LAB',			'CityStatesOnly',	1),
		('MINOR_CIV_SCIENTIFIC_YIELD_FOR_SOTS_RESEARCH_LAB',			'Amount',			3),

		('MINOR_CIV_TRADE_S_INF_SOTS_MARKET',							'ModifierId',		'MINOR_CIV_TRADE_YIELD_FOR_SOTS_MARKET'),
		('MINOR_CIV_TRADE_YIELD_FOR_SOTS_MARKET',						'YieldType',		'YIELD_GOLD'),
		('MINOR_CIV_TRADE_YIELD_FOR_SOTS_MARKET',						'BuildingType',		'BUILDING_SOTS_COAST_MARKET'),
		('MINOR_CIV_TRADE_YIELD_FOR_SOTS_MARKET',						'CityStatesOnly',	1),
		('MINOR_CIV_TRADE_YIELD_FOR_SOTS_MARKET',						'Amount',			2),
		('MINOR_CIV_TRADE_M_INF_SOTS_BANK',								'ModifierId',		'MINOR_CIV_TRADE_YIELD_FOR_SOTS_BANK'),
		('MINOR_CIV_TRADE_YIELD_FOR_SOTS_BANK',							'YieldType',		'YIELD_GOLD'),
		('MINOR_CIV_TRADE_YIELD_FOR_SOTS_BANK',							'BuildingType',		'BUILDING_SOTS_COAST_BANK'),
		('MINOR_CIV_TRADE_YIELD_FOR_SOTS_BANK',							'CityStatesOnly',	1),
		('MINOR_CIV_TRADE_YIELD_FOR_SOTS_BANK',							'Amount',			4),
		('MINOR_CIV_TRADE_L_INF_SOTS_STOCK_EXCHANGE',					'ModifierId',		'MINOR_CIV_TRADE_YIELD_FOR_SOTS_STOCK_EXCHANGE'),
		('MINOR_CIV_TRADE_YIELD_FOR_SOTS_STOCK_EXCHANGE',				'YieldType',		'YIELD_GOLD'),
		('MINOR_CIV_TRADE_YIELD_FOR_SOTS_STOCK_EXCHANGE',				'BuildingType',		'BUILDING_SOTS_COAST_STOCK_EXCHANGE'),
		('MINOR_CIV_TRADE_YIELD_FOR_SOTS_STOCK_EXCHANGE',				'CityStatesOnly',	1),
		('MINOR_CIV_TRADE_YIELD_FOR_SOTS_STOCK_EXCHANGE',				'Amount',			6),

		('MINOR_CIV_CULTURAL_S_INF_SOTS_AMPHITHEATER',					'ModifierId',		'MINOR_CIV_CULTURAL_YIELD_FOR_SOTS_AMPHITHEATER'),
		('MINOR_CIV_CULTURAL_YIELD_FOR_SOTS_AMPHITHEATER',				'YieldType',		'YIELD_CULTURE'),
		('MINOR_CIV_CULTURAL_YIELD_FOR_SOTS_AMPHITHEATER',				'BuildingType',		'BUILDING_SOTS_COAST_AMPHITHEATER'),
		('MINOR_CIV_CULTURAL_YIELD_FOR_SOTS_AMPHITHEATER',				'CityStatesOnly',	1),
		('MINOR_CIV_CULTURAL_YIELD_FOR_SOTS_AMPHITHEATER',				'Amount',			1),
		('MINOR_CIV_CULTURAL_M_INF_SOTS_MUSEUM_ART',					'ModifierId',		'MINOR_CIV_CULTURAL_YIELD_FOR_SOTS_MUSEUM_ART'),
		('MINOR_CIV_CULTURAL_YIELD_FOR_SOTS_MUSEUM_ART',				'YieldType',		'YIELD_CULTURE'),
		('MINOR_CIV_CULTURAL_YIELD_FOR_SOTS_MUSEUM_ART',				'BuildingType',		'BUILDING_SOTS_COAST_MUSEUM_ART'),
		('MINOR_CIV_CULTURAL_YIELD_FOR_SOTS_MUSEUM_ART',				'CityStatesOnly',	1),
		('MINOR_CIV_CULTURAL_YIELD_FOR_SOTS_MUSEUM_ART',				'Amount',			2),
		('MINOR_CIV_CULTURAL_M_INF_SOTS_MUSEUM_ARTIFACT',				'ModifierId',		'MINOR_CIV_CULTURAL_YIELD_FOR_SOTS_MUSEUM_ARTIFACT'),
		('MINOR_CIV_CULTURAL_YIELD_FOR_SOTS_MUSEUM_ARTIFACT',			'YieldType',		'YIELD_CULTURE'),
		('MINOR_CIV_CULTURAL_YIELD_FOR_SOTS_MUSEUM_ARTIFACT',			'BuildingType',		'BUILDING_SOTS_COAST_MUSEUM_ARTIFACT'),
		('MINOR_CIV_CULTURAL_YIELD_FOR_SOTS_MUSEUM_ARTIFACT',			'CityStatesOnly',	1),
		('MINOR_CIV_CULTURAL_YIELD_FOR_SOTS_MUSEUM_ARTIFACT',			'Amount',			2),
		('MINOR_CIV_CULTURAL_L_INF_SOTS_BROADCAST_CENTER',				'ModifierId',		'MINOR_CIV_CULTURAL_YIELD_FOR_SOTS_BROADCAST_CENTER'),
		('MINOR_CIV_CULTURAL_YIELD_FOR_SOTS_BROADCAST_CENTER',			'YieldType',		'YIELD_CULTURE'),
		('MINOR_CIV_CULTURAL_YIELD_FOR_SOTS_BROADCAST_CENTER',			'BuildingType',		'BUILDING_SOTS_COAST_BROADCAST_CENTER'),
		('MINOR_CIV_CULTURAL_YIELD_FOR_SOTS_BROADCAST_CENTER',			'CityStatesOnly',	1),
		('MINOR_CIV_CULTURAL_YIELD_FOR_SOTS_BROADCAST_CENTER',			'Amount',			3),

		('MINOR_CIV_INDUSTRIAL_S_INF_SOTS_WORKSHOP',					'ModifierId',		'MINOR_CIV_INDUSTRIAL_YIELD_FOR_SOTS_WORKSHOP'),
		('MINOR_CIV_INDUSTRIAL_YIELD_FOR_SOTS_WORKSHOP',				'YieldType',		'YIELD_PRODUCTION'),
		('MINOR_CIV_INDUSTRIAL_YIELD_FOR_SOTS_WORKSHOP',				'BuildingType',		'BUILDING_SOTS_COAST_WORKSHOP'),
		('MINOR_CIV_INDUSTRIAL_YIELD_FOR_SOTS_WORKSHOP',				'CityStatesOnly',	1),
		('MINOR_CIV_INDUSTRIAL_YIELD_FOR_SOTS_WORKSHOP',				'Amount',			1),
		('MINOR_CIV_INDUSTRIAL_M_INF_SOTS_FACTORY',						'ModifierId',		'MINOR_CIV_INDUSTRIAL_YIELD_FOR_SOTS_FACTORY'),
		('MINOR_CIV_INDUSTRIAL_YIELD_FOR_SOTS_FACTORY',					'YieldType',		'YIELD_PRODUCTION'),
		('MINOR_CIV_INDUSTRIAL_YIELD_FOR_SOTS_FACTORY',					'BuildingType',		'BUILDING_SOTS_COAST_FACTORY'),
		('MINOR_CIV_INDUSTRIAL_YIELD_FOR_SOTS_FACTORY',					'CityStatesOnly',	1),
		('MINOR_CIV_INDUSTRIAL_YIELD_FOR_SOTS_FACTORY',					'Amount',			2),
		('MINOR_CIV_INDUSTRIAL_L_INF_SOTS_COAL_POWER_PLANT',			'ModifierId',		'MINOR_CIV_INDUSTRIAL_YIELD_FOR_SOTS_COAL_POWER_PLANT'),
		('MINOR_CIV_INDUSTRIAL_YIELD_FOR_SOTS_COAL_POWER_PLANT',		'YieldType',		'YIELD_PRODUCTION'),
		('MINOR_CIV_INDUSTRIAL_YIELD_FOR_SOTS_COAL_POWER_PLANT',		'BuildingType',		'BUILDING_SOTS_COAST_COAL_PLANT'),
		('MINOR_CIV_INDUSTRIAL_YIELD_FOR_SOTS_COAL_POWER_PLANT',		'CityStatesOnly',	1),
		('MINOR_CIV_INDUSTRIAL_YIELD_FOR_SOTS_COAL_POWER_PLANT',		'Amount',			3),
		('MINOR_CIV_INDUSTRIAL_L_INF_SOTS_FOSSIL_FUEL_POWER_PLANT',		'ModifierId',		'MINOR_CIV_INDUSTRIAL_YIELD_FOR_SOTS_FOSSIL_FUEL_POWER_PLANT'),
		('MINOR_CIV_INDUSTRIAL_YIELD_FOR_SOTS_FOSSIL_FUEL_POWER_PLANT',	'YieldType',		'YIELD_PRODUCTION'),
		('MINOR_CIV_INDUSTRIAL_YIELD_FOR_SOTS_FOSSIL_FUEL_POWER_PLANT',	'BuildingType',		'BUILDING_SOTS_COAST_FOSSIL_FUEL_PLANT'),
		('MINOR_CIV_INDUSTRIAL_YIELD_FOR_SOTS_FOSSIL_FUEL_POWER_PLANT',	'CityStatesOnly',	1),
		('MINOR_CIV_INDUSTRIAL_YIELD_FOR_SOTS_FOSSIL_FUEL_POWER_PLANT',	'Amount',			3),
		('MINOR_CIV_INDUSTRIAL_L_INF_SOTS_NUCLEAR_POWER_PLANT',			'ModifierId',		'MINOR_CIV_INDUSTRIAL_YIELD_FOR_SOTS_NUCLEAR_POWER_PLANT'),
		('MINOR_CIV_INDUSTRIAL_YIELD_FOR_SOTS_NUCLEAR_POWER_PLANT',		'YieldType',		'YIELD_PRODUCTION'),
		('MINOR_CIV_INDUSTRIAL_YIELD_FOR_SOTS_NUCLEAR_POWER_PLANT',		'BuildingType',		'BUILDING_SOTS_COAST_NUCLEAR_PLANT'),
		('MINOR_CIV_INDUSTRIAL_YIELD_FOR_SOTS_NUCLEAR_POWER_PLANT',		'CityStatesOnly',	1),
		('MINOR_CIV_INDUSTRIAL_YIELD_FOR_SOTS_NUCLEAR_POWER_PLANT',		'Amount',			3);

INSERT OR REPLACE INTO PolicyModifiers(PolicyType, ModifierId)
SELECT			pm.PolicyType, 'MODFEAT_SOTS_'||pm.ModifierId FROM PolicyModifiers pm JOIN Modifiers m ON pm.ModifierId = m.ModifierId WHERE m.SubjectRequirementSetId = 'DISTRICT_IS_NEIGHBORHOOD'
UNION SELECT	pm.PolicyType, 'MODFEAT_SOTS_'||pm.ModifierId FROM PolicyModifiers pm JOIN Modifiers m ON pm.ModifierId = m.ModifierId WHERE m.SubjectRequirementSetId = 'BUILDING_IS_WORKSHOP'
UNION SELECT	pm.PolicyType, 'MODFEAT_SOTS_'||pm.ModifierId FROM PolicyModifiers pm JOIN Modifiers m ON pm.ModifierId = m.ModifierId WHERE m.SubjectRequirementSetId = 'BUILDING_IS_FACTORY'
UNION SELECT	pm.PolicyType, 'MODFEAT_SOTS_'||pm.ModifierId FROM PolicyModifiers pm JOIN Modifiers m ON pm.ModifierId = m.ModifierId WHERE m.SubjectRequirementSetId = 'BUILDING_IS_POWER_PLANT'
UNION SELECT	pm.PolicyType, 'MODFEAT_SOTS_'||pm.ModifierId FROM PolicyModifiers pm JOIN Modifiers m ON pm.ModifierId = m.ModifierId WHERE m.SubjectRequirementSetId = 'BUILDING_IS_UNIVERSITY'
UNION SELECT	pm.PolicyType, 'MODFEAT_SOTS_'||pm.ModifierId FROM PolicyModifiers pm JOIN Modifiers m ON pm.ModifierId = m.ModifierId WHERE m.SubjectRequirementSetId = 'BUILDING_IS_RESEARCH_LAB'
UNION SELECT	pm.PolicyType, 'MODFEAT_SOTS_'||pm.ModifierId FROM PolicyModifiers pm JOIN Modifiers m ON pm.ModifierId = m.ModifierId WHERE m.SubjectRequirementSetId = 'BUILDING_IS_BANK'
UNION SELECT	pm.PolicyType, 'MODFEAT_SOTS_'||pm.ModifierId FROM PolicyModifiers pm JOIN Modifiers m ON pm.ModifierId = m.ModifierId WHERE m.SubjectRequirementSetId = 'BUILDING_IS_STOCK_EXCHANGE'
UNION SELECT	pm.PolicyType, 'MODFEAT_SOTS_'||pm.ModifierId FROM PolicyModifiers pm JOIN Modifiers m ON pm.ModifierId = m.ModifierId WHERE m.SubjectRequirementSetId = 'BUILDING_IS_MUSEUM_ART'
UNION SELECT	pm.PolicyType, 'MODFEAT_SOTS_'||pm.ModifierId FROM PolicyModifiers pm JOIN Modifiers m ON pm.ModifierId = m.ModifierId WHERE m.SubjectRequirementSetId = 'BUILDING_IS_BROADCAST_CENTER'

UNION SELECT	pm.PolicyType, 'MODFEAT_SOTS_'||pm.ModifierId FROM PolicyModifiers pm JOIN ModifierArguments ma ON pm.ModifierId = ma.ModifierId WHERE ma.Value = 'BUILDING_COAL_POWER_PLANT'
UNION SELECT	pm.PolicyType, 'MODFEAT_SOTS_'||pm.ModifierId FROM PolicyModifiers pm JOIN ModifierArguments ma ON pm.ModifierId = ma.ModifierId WHERE ma.Value = 'BUILDING_FOSSIL_FUEL_POWER_PLANT'
UNION SELECT	pm.PolicyType, 'MODFEAT_SOTS_'||pm.ModifierId FROM PolicyModifiers pm JOIN ModifierArguments ma ON pm.ModifierId = ma.ModifierId WHERE ma.Value = 'BUILDING_POWER_PLANT'
UNION SELECT	pm.PolicyType, 'MODFEAT_SOTS_'||pm.ModifierId FROM PolicyModifiers pm JOIN ModifierArguments ma ON pm.ModifierId = ma.ModifierId WHERE ma.Value = 'BUILDING_RESEARCH_LAB'

UNION SELECT	pm.PolicyType, 'MODFEAT_SOTS_'||pm.ModifierId FROM PolicyModifiers pm JOIN Modifiers m ON pm.ModifierId = m.ModifierId WHERE m.SubjectRequirementSetId = 'DISTRICT_IS_CAMPUS'
UNION SELECT	pm.PolicyType, 'MODFEAT_SOTS_'||pm.ModifierId FROM PolicyModifiers pm JOIN Modifiers m ON pm.ModifierId = m.ModifierId WHERE m.SubjectRequirementSetId = 'DISTRICT_IS_THEATER'
UNION SELECT	pm.PolicyType, 'MODFEAT_SOTS_'||pm.ModifierId FROM PolicyModifiers pm JOIN Modifiers m ON pm.ModifierId = m.ModifierId WHERE m.SubjectRequirementSetId = 'DISTRICT_IS_INDUSTRIAL_ZONE'
UNION SELECT	pm.PolicyType, 'MODFEAT_SOTS_'||pm.ModifierId FROM PolicyModifiers pm JOIN Modifiers m ON pm.ModifierId = m.ModifierId WHERE m.SubjectRequirementSetId = 'DISTRICT_IS_HOLY_SITE'
UNION SELECT	pm.PolicyType, 'MODFEAT_SOTS_'||pm.ModifierId FROM PolicyModifiers pm JOIN Modifiers m ON pm.ModifierId = m.ModifierId WHERE m.SubjectRequirementSetId = 'DISTRICT_IS_COMMERCIAL_HUB'

UNION SELECT	pm.PolicyType, 'MODFEAT_SOTS_'||pm.ModifierId FROM PolicyModifiers pm JOIN Modifiers m ON pm.ModifierId = m.ModifierId WHERE m.SubjectRequirementSetId = 'CAMPUS_HAS_HIGH_ADJACENCY'
UNION SELECT	pm.PolicyType, 'MODFEAT_SOTS_'||pm.ModifierId FROM PolicyModifiers pm JOIN Modifiers m ON pm.ModifierId = m.ModifierId WHERE m.SubjectRequirementSetId = 'THEATER_SQUARE_HAS_HIGH_ADJACENCY'
UNION SELECT	pm.PolicyType, 'MODFEAT_SOTS_'||pm.ModifierId FROM PolicyModifiers pm JOIN Modifiers m ON pm.ModifierId = m.ModifierId WHERE m.SubjectRequirementSetId = 'HOLY_SITE_HAS_HIGH_ADJACENCY'
UNION SELECT	pm.PolicyType, 'MODFEAT_SOTS_'||pm.ModifierId FROM PolicyModifiers pm JOIN Modifiers m ON pm.ModifierId = m.ModifierId WHERE m.SubjectRequirementSetId = 'COMMERCIAL_HUB_HAS_HIGH_ADJACENCY'
UNION SELECT	pm.PolicyType, 'MODFEAT_SOTS_'||pm.ModifierId FROM PolicyModifiers pm JOIN Modifiers m ON pm.ModifierId = m.ModifierId WHERE m.SubjectRequirementSetId = 'CITY_HAS_HIGH_POPULATION';

INSERT OR REPLACE INTO Modifiers(ModifierId, ModifierType, SubjectRequirementSetId)
SELECT			'MODFEAT_SOTS_'||ModifierId, ModifierType, 'REQSET_IS_DISTRICT_SOTS_COAST_NEIGHBORHOOD'				FROM Modifiers WHERE SubjectRequirementSetId = 'DISTRICT_IS_NEIGHBORHOOD'
UNION SELECT	'MODFEAT_SOTS_'||ModifierId, ModifierType, 'REQSET_IS_BUILDING_SOTS_COAST_WORKSHOP'					FROM Modifiers WHERE SubjectRequirementSetId = 'BUILDING_IS_WORKSHOP'
UNION SELECT	'MODFEAT_SOTS_'||ModifierId, ModifierType, 'REQSET_IS_BUILDING_SOTS_COAST_FACTORY'					FROM Modifiers WHERE SubjectRequirementSetId = 'BUILDING_IS_FACTORY'
UNION SELECT	'MODFEAT_SOTS_'||ModifierId, ModifierType, 'REQSET_IS_BUILDING_SOTS_COAST_POWER_PLANTS'				FROM Modifiers WHERE SubjectRequirementSetId = 'BUILDING_IS_POWER_PLANT'
UNION SELECT	'MODFEAT_SOTS_'||ModifierId, ModifierType, 'REQSET_IS_BUILDING_SOTS_COAST_UNIVERSITY'					FROM Modifiers WHERE SubjectRequirementSetId = 'BUILDING_IS_UNIVERSITY'
UNION SELECT	'MODFEAT_SOTS_'||ModifierId, ModifierType, 'REQSET_IS_BUILDING_SOTS_COAST_RESEARCH_LAB'				FROM Modifiers WHERE SubjectRequirementSetId = 'BUILDING_IS_RESEARCH_LAB'
UNION SELECT	'MODFEAT_SOTS_'||ModifierId, ModifierType, 'REQSET_IS_BUILDING_SOTS_COAST_BANK'						FROM Modifiers WHERE SubjectRequirementSetId = 'BUILDING_IS_BANK'
UNION SELECT	'MODFEAT_SOTS_'||ModifierId, ModifierType, 'REQSET_IS_BUILDING_SOTS_COAST_STOCK_EXCHANGE'				FROM Modifiers WHERE SubjectRequirementSetId = 'BUILDING_IS_STOCK_EXCHANGE'
UNION SELECT	'MODFEAT_SOTS_'||ModifierId, ModifierType, 'REQSET_IS_BUILDING_SOTS_COAST_MUSEUM_ART'					FROM Modifiers WHERE SubjectRequirementSetId = 'BUILDING_IS_MUSEUM_ART'
UNION SELECT	'MODFEAT_SOTS_'||ModifierId, ModifierType, 'REQSET_IS_BUILDING_SOTS_COAST_BROADCAST_CENTER'			FROM Modifiers WHERE SubjectRequirementSetId = 'BUILDING_IS_BROADCAST_CENTER'

UNION SELECT	'MODFEAT_SOTS_'||m.ModifierId, m.ModifierType, NULL													FROM Modifiers m JOIN ModifierArguments ma ON m.ModifierId = ma.ModifierId WHERE ma.Value = 'BUILDING_COAL_POWER_PLANT'
UNION SELECT	'MODFEAT_SOTS_'||m.ModifierId, m.ModifierType, NULL													FROM Modifiers m JOIN ModifierArguments ma ON m.ModifierId = ma.ModifierId WHERE ma.Value = 'BUILDING_FOSSIL_FUEL_POWER_PLANT'
UNION SELECT	'MODFEAT_SOTS_'||m.ModifierId, m.ModifierType, NULL													FROM Modifiers m JOIN ModifierArguments ma ON m.ModifierId = ma.ModifierId WHERE ma.Value = 'BUILDING_POWER_PLANT'
UNION SELECT	'MODFEAT_SOTS_'||m.ModifierId, m.ModifierType, NULL													FROM Modifiers m JOIN ModifierArguments ma ON m.ModifierId = ma.ModifierId WHERE ma.Value = 'BUILDING_RESEARCH_LAB'

UNION SELECT	'MODFEAT_SOTS_'||ModifierId, ModifierType, 'REQSET_IS_DISTRICT_SOTS_COAST_CAMPUS'						FROM Modifiers WHERE SubjectRequirementSetId = 'DISTRICT_IS_CAMPUS'
UNION SELECT	'MODFEAT_SOTS_'||ModifierId, ModifierType, 'REQSET_IS_DISTRICT_SOTS_COAST_THEATER'					FROM Modifiers WHERE SubjectRequirementSetId = 'DISTRICT_IS_THEATER'
UNION SELECT	'MODFEAT_SOTS_'||ModifierId, ModifierType, 'REQSET_IS_DISTRICT_SOTS_COAST_INDUSTRIAL_ZONE'			FROM Modifiers WHERE SubjectRequirementSetId = 'DISTRICT_IS_INDUSTRIAL_ZONE'
UNION SELECT	'MODFEAT_SOTS_'||ModifierId, ModifierType, 'REQSET_IS_DISTRICT_SOTS_COAST_HOLY_SITE'					FROM Modifiers WHERE SubjectRequirementSetId = 'DISTRICT_IS_HOLY_SITE'
UNION SELECT	'MODFEAT_SOTS_'||ModifierId, ModifierType, 'REQSET_IS_DISTRICT_SOTS_COAST_COMMERCIAL_HUB'				FROM Modifiers WHERE SubjectRequirementSetId = 'DISTRICT_IS_COMMERCIAL_HUB'

UNION SELECT	'MODFEAT_SOTS_'||ModifierId, ModifierType, 'REQSET_DISTRICT_SOTS_COAST_CAMPUS_HIGH_ADJACENCY'			FROM Modifiers WHERE SubjectRequirementSetId = 'CAMPUS_HAS_HIGH_ADJACENCY'
UNION SELECT	'MODFEAT_SOTS_'||ModifierId, ModifierType, 'REQSET_DISTRICT_SOTS_COAST_THEATER_HIGH_ADJACENCY'		FROM Modifiers WHERE SubjectRequirementSetId = 'THEATER_SQUARE_HAS_HIGH_ADJACENCY'
UNION SELECT	'MODFEAT_SOTS_'||ModifierId, ModifierType, 'REQSET_DISTRICT_SOTS_COAST_HOLY_SITE_HIGH_ADJACENCY'		FROM Modifiers WHERE SubjectRequirementSetId = 'HOLY_SITE_HAS_HIGH_ADJACENCY'
UNION SELECT	'MODFEAT_SOTS_'||ModifierId, ModifierType, 'REQSET_DISTRICT_SOTS_COAST_COMMERCIAL_HUB_HIGH_ADJACENCY'	FROM Modifiers WHERE SubjectRequirementSetId = 'COMMERCIAL_HUB_HAS_HIGH_ADJACENCY'
UNION SELECT	'MODFEAT_SOTS_'||ModifierId, ModifierType, SubjectRequirementSetId									FROM Modifiers WHERE SubjectRequirementSetId = 'CITY_HAS_HIGH_POPULATION';

INSERT OR REPLACE INTO ModifierArguments(ModifierId, Name, Value)
SELECT			'MODFEAT_SOTS_'||ma.ModifierId, ma.Name, ma.Value FROM ModifierArguments ma JOIN Modifiers m ON ma.ModifierId = m.ModifierId WHERE m.SubjectRequirementSetId = 'DISTRICT_IS_NEIGHBORHOOD'
UNION SELECT	'MODFEAT_SOTS_'||ma.ModifierId, ma.Name, ma.Value FROM ModifierArguments ma JOIN Modifiers m ON ma.ModifierId = m.ModifierId WHERE m.SubjectRequirementSetId = 'BUILDING_IS_WORKSHOP'
UNION SELECT	'MODFEAT_SOTS_'||ma.ModifierId, ma.Name, ma.Value FROM ModifierArguments ma JOIN Modifiers m ON ma.ModifierId = m.ModifierId WHERE m.SubjectRequirementSetId = 'BUILDING_IS_FACTORY'
UNION SELECT	'MODFEAT_SOTS_'||ma.ModifierId, ma.Name, ma.Value FROM ModifierArguments ma JOIN Modifiers m ON ma.ModifierId = m.ModifierId WHERE m.SubjectRequirementSetId = 'BUILDING_IS_POWER_PLANT'
UNION SELECT	'MODFEAT_SOTS_'||ma.ModifierId, ma.Name, ma.Value FROM ModifierArguments ma JOIN Modifiers m ON ma.ModifierId = m.ModifierId WHERE m.SubjectRequirementSetId = 'BUILDING_IS_UNIVERSITY'
UNION SELECT	'MODFEAT_SOTS_'||ma.ModifierId, ma.Name, ma.Value FROM ModifierArguments ma JOIN Modifiers m ON ma.ModifierId = m.ModifierId WHERE m.SubjectRequirementSetId = 'BUILDING_IS_RESEARCH_LAB'
UNION SELECT	'MODFEAT_SOTS_'||ma.ModifierId, ma.Name, ma.Value FROM ModifierArguments ma JOIN Modifiers m ON ma.ModifierId = m.ModifierId WHERE m.SubjectRequirementSetId = 'BUILDING_IS_BANK'
UNION SELECT	'MODFEAT_SOTS_'||ma.ModifierId, ma.Name, ma.Value FROM ModifierArguments ma JOIN Modifiers m ON ma.ModifierId = m.ModifierId WHERE m.SubjectRequirementSetId = 'BUILDING_IS_STOCK_EXCHANGE'
UNION SELECT	'MODFEAT_SOTS_'||ma.ModifierId, ma.Name, ma.Value FROM ModifierArguments ma JOIN Modifiers m ON ma.ModifierId = m.ModifierId WHERE m.SubjectRequirementSetId = 'BUILDING_IS_MUSEUM_ART'
UNION SELECT	'MODFEAT_SOTS_'||ma.ModifierId, ma.Name, ma.Value FROM ModifierArguments ma JOIN Modifiers m ON ma.ModifierId = m.ModifierId WHERE m.SubjectRequirementSetId = 'BUILDING_IS_BROADCAST_CENTER'

UNION SELECT	'MODFEAT_SOTS_'||ma.ModifierId, ma.Name, ma.Value											FROM ModifierArguments ma JOIN ModifierArguments ma2 ON ma.ModifierId = ma2.ModifierId WHERE ma2.Value = 'BUILDING_COAL_POWER_PLANT'		AND ma.Name != 'BuildingType'
UNION SELECT	'MODFEAT_SOTS_'||ma.ModifierId, ma.Name, 'BUILDING_SOTS_COAST_COAL_PLANT'						FROM ModifierArguments ma JOIN ModifierArguments ma2 ON ma.ModifierId = ma2.ModifierId WHERE ma2.Value = 'BUILDING_COAL_POWER_PLANT'		AND ma.Name = 'BuildingType'
UNION SELECT	'MODFEAT_SOTS_'||ma.ModifierId, ma.Name, ma.Value											FROM ModifierArguments ma JOIN ModifierArguments ma2 ON ma.ModifierId = ma2.ModifierId WHERE ma2.Value = 'BUILDING_FOSSIL_FUEL_POWER_PLANT'	AND ma.Name != 'BuildingType'
UNION SELECT	'MODFEAT_SOTS_'||ma.ModifierId, ma.Name, 'BUILDING_SOTS_COAST_FOSSIL_FUEL_PLANT'				FROM ModifierArguments ma JOIN ModifierArguments ma2 ON ma.ModifierId = ma2.ModifierId WHERE ma2.Value = 'BUILDING_FOSSIL_FUEL_POWER_PLANT'	AND ma.Name = 'BuildingType'
UNION SELECT	'MODFEAT_SOTS_'||ma.ModifierId, ma.Name, ma.Value											FROM ModifierArguments ma JOIN ModifierArguments ma2 ON ma.ModifierId = ma2.ModifierId WHERE ma2.Value = 'BUILDING_POWER_PLANT'				AND ma.Name != 'BuildingType'
UNION SELECT	'MODFEAT_SOTS_'||ma.ModifierId, ma.Name, 'BUILDING_SOTS_COAST_NUCLEAR_PLANT'					FROM ModifierArguments ma JOIN ModifierArguments ma2 ON ma.ModifierId = ma2.ModifierId WHERE ma2.Value = 'BUILDING_POWER_PLANT'				AND ma.Name = 'BuildingType'
UNION SELECT	'MODFEAT_SOTS_'||ma.ModifierId, ma.Name, ma.Value											FROM ModifierArguments ma JOIN ModifierArguments ma2 ON ma.ModifierId = ma2.ModifierId WHERE ma2.Value = 'BUILDING_RESEARCH_LAB'			AND ma.Name != 'BuildingType'
UNION SELECT	'MODFEAT_SOTS_'||ma.ModifierId, ma.Name, 'BUILDING_SOTS_COAST_RESEARCH_LAB'					FROM ModifierArguments ma JOIN ModifierArguments ma2 ON ma.ModifierId = ma2.ModifierId WHERE ma2.Value = 'BUILDING_RESEARCH_LAB'			AND ma.Name = 'BuildingType'

UNION SELECT	'MODFEAT_SOTS_'||ma.ModifierId, ma.Name, ma.Value FROM ModifierArguments ma JOIN Modifiers m ON ma.ModifierId = m.ModifierId WHERE m.SubjectRequirementSetId = 'DISTRICT_IS_CAMPUS'
UNION SELECT	'MODFEAT_SOTS_'||ma.ModifierId, ma.Name, ma.Value FROM ModifierArguments ma JOIN Modifiers m ON ma.ModifierId = m.ModifierId WHERE m.SubjectRequirementSetId = 'DISTRICT_IS_THEATER'
UNION SELECT	'MODFEAT_SOTS_'||ma.ModifierId, ma.Name, ma.Value FROM ModifierArguments ma JOIN Modifiers m ON ma.ModifierId = m.ModifierId WHERE m.SubjectRequirementSetId = 'DISTRICT_IS_INDUSTRIAL_ZONE'
UNION SELECT	'MODFEAT_SOTS_'||ma.ModifierId, ma.Name, ma.Value FROM ModifierArguments ma JOIN Modifiers m ON ma.ModifierId = m.ModifierId WHERE m.SubjectRequirementSetId = 'DISTRICT_IS_HOLY_SITE'
UNION SELECT	'MODFEAT_SOTS_'||ma.ModifierId, ma.Name, ma.Value FROM ModifierArguments ma JOIN Modifiers m ON ma.ModifierId = m.ModifierId WHERE m.SubjectRequirementSetId = 'DISTRICT_IS_COMMERCIAL_HUB'

UNION SELECT	'MODFEAT_SOTS_'||ma.ModifierId, ma.Name, ma.Value											FROM ModifierArguments ma JOIN Modifiers m ON ma.ModifierId = m.ModifierId WHERE m.SubjectRequirementSetId = 'CAMPUS_HAS_HIGH_ADJACENCY'			AND ma.Name != 'DistrictType'
UNION SELECT	'MODFEAT_SOTS_'||ma.ModifierId, ma.Name, 'DISTRICT_SOTS_COAST_CAMPUS'							FROM ModifierArguments ma JOIN Modifiers m ON ma.ModifierId = m.ModifierId WHERE m.SubjectRequirementSetId = 'CAMPUS_HAS_HIGH_ADJACENCY'			AND ma.Name = 'DistrictType'
UNION SELECT	'MODFEAT_SOTS_'||ma.ModifierId, ma.Name, ma.Value											FROM ModifierArguments ma JOIN Modifiers m ON ma.ModifierId = m.ModifierId WHERE m.SubjectRequirementSetId = 'THEATER_SQUARE_HAS_HIGH_ADJACENCY'	AND ma.Name != 'DistrictType'
UNION SELECT	'MODFEAT_SOTS_'||ma.ModifierId, ma.Name, 'DISTRICT_SOTS_COAST_THEATER'						FROM ModifierArguments ma JOIN Modifiers m ON ma.ModifierId = m.ModifierId WHERE m.SubjectRequirementSetId = 'THEATER_SQUARE_HAS_HIGH_ADJACENCY'	AND ma.Name = 'DistrictType'
UNION SELECT	'MODFEAT_SOTS_'||ma.ModifierId, ma.Name, ma.Value											FROM ModifierArguments ma JOIN Modifiers m ON ma.ModifierId = m.ModifierId WHERE m.SubjectRequirementSetId = 'HOLY_SITE_HAS_HIGH_ADJACENCY'			AND ma.Name != 'DistrictType'
UNION SELECT	'MODFEAT_SOTS_'||ma.ModifierId, ma.Name, 'DISTRICT_SOTS_COAST_HOLY_SITE'						FROM ModifierArguments ma JOIN Modifiers m ON ma.ModifierId = m.ModifierId WHERE m.SubjectRequirementSetId = 'HOLY_SITE_HAS_HIGH_ADJACENCY'			AND ma.Name = 'DistrictType'
UNION SELECT	'MODFEAT_SOTS_'||ma.ModifierId, ma.Name, ma.Value											FROM ModifierArguments ma JOIN Modifiers m ON ma.ModifierId = m.ModifierId WHERE m.SubjectRequirementSetId = 'COMMERCIAL_HUB_HAS_HIGH_ADJACENCY'	AND ma.Name != 'DistrictType'
UNION SELECT	'MODFEAT_SOTS_'||ma.ModifierId, ma.Name, 'DISTRICT_SOTS_COAST_COMMERCIAL_HUB'					FROM ModifierArguments ma JOIN Modifiers m ON ma.ModifierId = m.ModifierId WHERE m.SubjectRequirementSetId = 'COMMERCIAL_HUB_HAS_HIGH_ADJACENCY'	AND ma.Name = 'DistrictType'
UNION SELECT	'MODFEAT_SOTS_'||ma.ModifierId, ma.Name, ma.Value											FROM ModifierArguments ma JOIN Modifiers m ON ma.ModifierId = m.ModifierId WHERE m.SubjectRequirementSetId = 'CITY_HAS_HIGH_POPULATION'	AND ma.Name != 'DistrictType'
UNION SELECT	'MODFEAT_SOTS_'||ma.ModifierId, ma.Name, 'DISTRICT_SOTS_COAST_'||TRIM(ma.Value,'DISTRICT_')	FROM ModifierArguments ma JOIN Modifiers m ON ma.ModifierId = m.ModifierId WHERE m.SubjectRequirementSetId = 'CITY_HAS_HIGH_POPULATION'	AND ma.Name = 'DistrictType';

INSERT OR REPLACE INTO Resource_ValidTerrains (ResourceType, TerrainType)
SELECT	ResourceType,	'TERRAIN_OCEAN' FROM Resource_ValidTerrains
WHERE (TerrainType='TERRAIN_COAST') AND ResourceType NOT IN	('RESOURCE_AMBER', 'RESOURCE_CRABS', 'RESOURCE_PEARLS', 'RESOURCE_SUK_CAVIAR');

INSERT OR REPLACE INTO BeliefModifiers(BeliefType, ModifierId)
VALUES	('BELIEF_CATHEDRAL',									'MODFEAT_SOTS_ALLOW_CATHEDRAL'),
		('BELIEF_GURDWARA',										'MODFEAT_SOTS_ALLOW_GURDWARA'),
		('BELIEF_MEETING_HOUSE',								'MODFEAT_SOTS_ALLOW_MEETING_HOUSE'),
		('BELIEF_MOSQUE',										'MODFEAT_SOTS_ALLOW_MOSQUE'),
		('BELIEF_PAGODA',										'MODFEAT_SOTS_ALLOW_PAGODA'),
		('BELIEF_SYNAGOGUE',									'MODFEAT_SOTS_ALLOW_SYNAGOGUE'),
		('BELIEF_WAT',											'MODFEAT_SOTS_ALLOW_WAT'),
		('BELIEF_STUPA',										'MODFEAT_SOTS_ALLOW_STUPA'),
		('BELIEF_DAR_E_MEHR',									'MODFEAT_SOTS_ALLOW_DAR_E_MEHR'),

		('BELIEF_WORK_ETHIC',									'MODFEAT_SOTS_WORK_ETHIC_ADJACENCY_PRODUCTION'),
		('BELIEF_LAY_MINISTRY',									'MODFEAT_SOTS_LAY_MINISTRY_CULTURE_DISTRICTS'),
		('BELIEF_LAY_MINISTRY',									'MODFEAT_SOTS_LAY_MINISTRY_FAITH_DISTRICTS'),
		('BELIEF_STEWARDSHIP',									'MODFEAT_SOTS_STEWARDSHIP_SCIENCE_DISTRICTS'),
		('BELIEF_STEWARDSHIP',									'MODFEAT_SOTS_STEWARDSHIP_GOLD_DISTRICTS'),
		('BELIEF_GOD_OF_WAR',									'MODFEAT_SOTS_GOD_OF_WAR_FAITH_KILLS'),
		('BELIEF_DANCE_OF_THE_AURORA',							'MODFEAT_SOTS_DANCE_OF_THE_AURORA_FAITHTUNDRA'),
		('BELIEF_DANCE_OF_THE_AURORA',							'MODFEAT_SOTS_DANCE_OF_THE_AURORA_FAITHTUNDRAH'),
		('BELIEF_DESERT_FOLKLORE',								'MODFEAT_SOTS_DESERT_FOLKLORE_FAITHDESERT'),
		('BELIEF_DESERT_FOLKLORE',								'MODFEAT_SOTS_DESERT_FOLKLORE_FAITHDESERTH'),
		('BELIEF_SACRED_PATH',									'MODFEAT_SOTS_SACRED_PATH_FAITHFEATUREADJACENCY'),
		('BELIEF_DIVINE_SPARK',									'MODFEAT_SOTS_DIVINE_SPARK_HOLY_SITE'),
		('BELIEF_DIVINE_SPARK',									'MODFEAT_SOTS_DIVINE_SPARK_CAMPUS'),
		('BELIEF_DIVINE_SPARK',									'MODFEAT_SOTS_DIVINE_SPARK_THEATER'),
		('BELIEF_RIVER_GODDESS',								'MODFEAT_SOTS_RIVER_GODDESS_HOLY_SITE_AMENITY'),
		
		('BELIEF_JESUIT_EDUCATION',								'MODFEAT_SOTS_JESUIT_EDUCATION_SCIENCE_BUILDINGS'),
		('BELIEF_JESUIT_EDUCATION',								'MODFEAT_SOTS_JESUIT_EDUCATION_CULTURE_BUILDINGS'),
		('BELIEF_CHORAL_MUSIC',									'MODFEAT_SOTS_CHORAL_MUSIC_SHRINE_CULTURE'),
		('BELIEF_CHORAL_MUSIC',									'MODFEAT_SOTS_CHORAL_MUSIC_TEMPLE_CULTURE'),
		('BELIEF_RELIGIOUS_COMMUNITY',							'MODFEAT_SOTS_COMMUNITY_SHRINE_HOUSE'),
		('BELIEF_RELIGIOUS_COMMUNITY',							'MODFEAT_SOTS_COMMUNITY_SHRINE_TRADING'),
		('BELIEF_RELIGIOUS_COMMUNITY',							'MODFEAT_SOTS_COMMUNITY_TEMPLE_HOUSE'),
		('BELIEF_RELIGIOUS_COMMUNITY',							'MODFEAT_SOTS_COMMUNITY_TEMPLE_TRADING'),
		('BELIEF_FEED_THE_WORLD',								'MODFEAT_SOTS_FEED_THE_WORLD_SHRINE_FOOD3'),
		('BELIEF_FEED_THE_WORLD',								'MODFEAT_SOTS_FEED_THE_WORLD_TEMPLE_FOOD3'),
		('BELIEF_FEED_THE_WORLD',								'MODFEAT_SOTS_FEED_THE_WORLD_SHRINE_HOUSING'),
		('BELIEF_FEED_THE_WORLD',								'MODFEAT_SOTS_FEED_THE_WORLD_TEMPLE_HOUSING');

INSERT OR REPLACE INTO BeliefModifiers (BeliefType, ModifierId)
SELECT			'BELIEF_HOLY_WATERS',		'MODFEAT_SOTS_HOLY_WATERS_HEALING'			FROM Beliefs WHERE BeliefType = 'BELIEF_HOLY_WATERS'
UNION SELECT	'BELIEF_GOD_OF_HEALING',	'MODFEAT_SOTS_GOD_OF_HEALING_UNIT_HEALING'	FROM Beliefs WHERE BeliefType = 'BELIEF_GOD_OF_HEALING';

INSERT OR REPLACE INTO Modifiers(ModifierId, ModifierType, SubjectRequirementSetId)
VALUES	('MODFEAT_SOTS_ALLOW_CATHEDRAL',						'MODIFIER_PLAYER_RELIGION_ADD_RELIGIOUS_BUILDING',				NULL),
		('MODFEAT_SOTS_ALLOW_GURDWARA',							'MODIFIER_PLAYER_RELIGION_ADD_RELIGIOUS_BUILDING',				NULL),
		('MODFEAT_SOTS_ALLOW_MEETING_HOUSE',					'MODIFIER_PLAYER_RELIGION_ADD_RELIGIOUS_BUILDING',				NULL),
		('MODFEAT_SOTS_ALLOW_MOSQUE',							'MODIFIER_PLAYER_RELIGION_ADD_RELIGIOUS_BUILDING',				NULL),
		('MODFEAT_SOTS_ALLOW_PAGODA',							'MODIFIER_PLAYER_RELIGION_ADD_RELIGIOUS_BUILDING',				NULL),
		('MODFEAT_SOTS_ALLOW_SYNAGOGUE',						'MODIFIER_PLAYER_RELIGION_ADD_RELIGIOUS_BUILDING',				NULL),
		('MODFEAT_SOTS_ALLOW_WAT',								'MODIFIER_PLAYER_RELIGION_ADD_RELIGIOUS_BUILDING',				NULL),
		('MODFEAT_SOTS_ALLOW_STUPA',							'MODIFIER_PLAYER_RELIGION_ADD_RELIGIOUS_BUILDING',				NULL),
		('MODFEAT_SOTS_ALLOW_DAR_E_MEHR',						'MODIFIER_PLAYER_RELIGION_ADD_RELIGIOUS_BUILDING',				NULL),

		('MODFEAT_SOTS_WORK_ETHIC_ADJACENCY_PRODUCTION',		'MODIFIER_ALL_DISTRICTS_ADJUST_YIELD_BASED_ON_ADJACENCY_BONUS',	'REQSET_SOTS_HOLY_SITE_FOLLOWS_RELIGION'),
		('MODFEAT_SOTS_LAY_MINISTRY_CULTURE_DISTRICTS',			'MODIFIER_ALL_CITIES_ATTACH_MODIFIER',							'PLAYER_FOUNDED_RELIGION_REQUIREMENTS'),
		('MODFEAT_SOTS_LAY_MINISTRY_CULTURE_DISTRICTS_M',		'MODIFIER_PLAYER_RELIGION_ADD_RELIGIOUS_BELIEF_YIELD',			NULL),
		('MODFEAT_SOTS_LAY_MINISTRY_FAITH_DISTRICTS',			'MODIFIER_ALL_CITIES_ATTACH_MODIFIER',							'PLAYER_FOUNDED_RELIGION_REQUIREMENTS'),
		('MODFEAT_SOTS_LAY_MINISTRY_FAITH_DISTRICTS_M',			'MODIFIER_PLAYER_RELIGION_ADD_RELIGIOUS_BELIEF_YIELD',			NULL),
		('MODFEAT_SOTS_STEWARDSHIP_SCIENCE_DISTRICTS',			'MODIFIER_ALL_CITIES_ATTACH_MODIFIER',							'PLAYER_FOUNDED_RELIGION_REQUIREMENTS'),
		('MODFEAT_SOTS_STEWARDSHIP_SCIENCE_DISTRICTS_M',		'MODIFIER_PLAYER_RELIGION_ADD_RELIGIOUS_BELIEF_YIELD',			NULL),
		('MODFEAT_SOTS_STEWARDSHIP_GOLD_DISTRICTS',				'MODIFIER_ALL_CITIES_ATTACH_MODIFIER',							'PLAYER_FOUNDED_RELIGION_REQUIREMENTS'),
		('MODFEAT_SOTS_STEWARDSHIP_GOLD_DISTRICTS_M',			'MODIFIER_PLAYER_RELIGION_ADD_RELIGIOUS_BELIEF_YIELD',			NULL),
		('MODFEAT_SOTS_HOLY_WATERS_HEALING',					'MODIFIER_ALL_DISTRICTS_ATTACH_MODIFIER',						'REQSET_SOTS_HOLY_SITE_FOLLOWS_RELIGION'),
		('MODFEAT_SOTS_HOLY_WATERS_HEALING_M',					'MODIFIER_ALL_UNITS_ADJUST_HEAL_RELIGION_PER_TURN',				'HOLY_WATERS_HEALING_MODIFIER_REQUIREMENTS'),
		('MODFEAT_SOTS_GOD_OF_HEALING_UNIT_HEALING',			'MODIFIER_ALL_PLAYERS_ATTACH_MODIFIER',							'PLAYER_HAS_PANTHEON_REQUIREMENTS'),
		('MODFEAT_SOTS_GOD_OF_HEALING_UNIT_HEALING_M',			'MODIFIER_PLAYER_UNITS_ADJUST_HEAL_PER_TURN',					'REQSET_SOTS_ADJ_HOLY_SITE'),
		('MODFEAT_SOTS_GOD_OF_WAR_FAITH_KILLS',					'MODIFIER_ALL_PLAYERS_ATTACH_MODIFIER',							'PLAYER_HAS_PANTHEON_REQUIREMENTS'),
		('MODFEAT_SOTS_GOD_OF_WAR_FAITH_KILLS_M',				'MODIFIER_PLAYER_UNITS_ADJUST_POST_COMBAT_YIELD',				'REQSET_SOTS_8INCLUDE_HOLY_SITE'),
		('MODFEAT_SOTS_DANCE_OF_THE_AURORA_FAITHTUNDRA',		'MODIFIER_ALL_CITIES_TERRAIN_ADJACENCY',						'CITY_FOLLOWS_PANTHEON_REQUIREMENTS'),
		('MODFEAT_SOTS_DANCE_OF_THE_AURORA_FAITHTUNDRAH',		'MODIFIER_ALL_CITIES_TERRAIN_ADJACENCY',						'CITY_FOLLOWS_PANTHEON_REQUIREMENTS'),
		('MODFEAT_SOTS_DESERT_FOLKLORE_FAITHDESERT',			'MODIFIER_ALL_CITIES_TERRAIN_ADJACENCY',						'CITY_FOLLOWS_PANTHEON_REQUIREMENTS'),
		('MODFEAT_SOTS_DESERT_FOLKLORE_FAITHDESERTH',			'MODIFIER_ALL_CITIES_TERRAIN_ADJACENCY',						'CITY_FOLLOWS_PANTHEON_REQUIREMENTS'),
		('MODFEAT_SOTS_SACRED_PATH_FAITHFEATUREADJACENCY',		'MODIFIER_ALL_CITIES_FEATURE_ADJACENCY',						'CITY_FOLLOWS_PANTHEON_REQUIREMENTS'),
		('MODFEAT_SOTS_DIVINE_SPARK_HOLY_SITE',					'MODIFIER_ALL_CITIES_ATTACH_MODIFIER',							'CITY_FOLLOWS_PANTHEON_REQUIREMENTS'),
		('MODFEAT_SOTS_DIVINE_SPARK_HOLY_SITE_M',				'MODIFIER_SINGLE_CITY_DISTRICTS_ADJUST_GREAT_PERSON_POINTS',	'REQSET_IS_DISTRICT_SOTS_COAST_HOLY_SITE'),
		('MODFEAT_SOTS_DIVINE_SPARK_CAMPUS',					'MODIFIER_ALL_CITIES_ATTACH_MODIFIER',							'CITY_FOLLOWS_PANTHEON_REQUIREMENTS'),
		('MODFEAT_SOTS_DIVINE_SPARK_CAMPUS_M',					'MODIFIER_SINGLE_CITY_DISTRICTS_ADJUST_GREAT_PERSON_POINTS',	'REQSET_IS_DISTRICT_SOTS_COAST_CAMPUS'),
		('MODFEAT_SOTS_DIVINE_SPARK_THEATER',					'MODIFIER_ALL_CITIES_ATTACH_MODIFIER',							'CITY_FOLLOWS_PANTHEON_REQUIREMENTS'),
		('MODFEAT_SOTS_DIVINE_SPARK_THEATER_M',					'MODIFIER_SINGLE_CITY_DISTRICTS_ADJUST_GREAT_PERSON_POINTS',	'REQSET_IS_DISTRICT_SOTS_COAST_THEATER'),
		('MODFEAT_SOTS_RIVER_GODDESS_HOLY_SITE_AMENITY',		'MODIFIER_ALL_CITIES_ATTACH_MODIFIER',							'CITY_FOLLOWS_PANTHEON_REQUIREMENTS'),
		('MODFEAT_SOTS_RIVER_GODDESS_HOLY_SITE_AMENITY_M',		'MODIFIER_CITY_DISTRICTS_ADJUST_CITY_AMENITIES_FROM_RELIGION',	'REQSET_SOTS_HOLY_SITE_ADJACENT_RIVER'),
		
		('MODFEAT_SOTS_JESUIT_EDUCATION_SCIENCE_BUILDINGS',		'MODIFIER_ALL_CITIES_ATTACH_MODIFIER',							'CITY_FOLLOWS_RELIGION_REQUIREMENTS'),
		('MODFEAT_SOTS_JESUIT_EDUCATION_SCIENCE_BUILDINGS_M',	'MODIFIER_CITY_ENABLE_BUILDING_FAITH_PURCHASE',					NULL),
		('MODFEAT_SOTS_JESUIT_EDUCATION_CULTURE_BUILDINGS',		'MODIFIER_ALL_CITIES_ATTACH_MODIFIER',							'CITY_FOLLOWS_RELIGION_REQUIREMENTS'),
		('MODFEAT_SOTS_JESUIT_EDUCATION_CULTURE_BUILDINGS_M',	'MODIFIER_CITY_ENABLE_BUILDING_FAITH_PURCHASE',					NULL),
		('MODFEAT_SOTS_CHORAL_MUSIC_SHRINE_CULTURE',			'MODIFIER_ALL_CITIES_ATTACH_MODIFIER',							'CITY_FOLLOWS_RELIGION_REQUIREMENTS'),
		('MODFEAT_SOTS_CHORAL_MUSIC_SHRINE_CULTURE_MOD',		'MODIFIER_BUILDING_YIELD_CHANGE',								NULL),
		('MODFEAT_SOTS_CHORAL_MUSIC_TEMPLE_CULTURE',			'MODIFIER_ALL_CITIES_ATTACH_MODIFIER',							'CITY_FOLLOWS_RELIGION_REQUIREMENTS'),
		('MODFEAT_SOTS_CHORAL_MUSIC_TEMPLE_CULTURE_MOD',		'MODIFIER_BUILDING_YIELD_CHANGE',								NULL),
		('MODFEAT_SOTS_COMMUNITY_SHRINE_HOUSE',					'MODIFIER_ALL_CITIES_ATTACH_MODIFIER',							'REQSET_SOTS_CITY_FOLLOWS_RELIGION_HAS_SHRINE'),
		('MODFEAT_SOTS_COMMUNITY_SHRINE_HOUSE_MOD',				'MODIFIER_PLAYER_CITIES_ADJUST_BUILDING_HOUSING',				NULL),
		('MODFEAT_SOTS_COMMUNITY_SHRINE_TRADING',				'MODIFIER_ALL_CITIES_ATTACH_MODIFIER',							'CITY_FOLLOWS_RELIGION_REQUIREMENTS'),
		('MODFEAT_SOTS_COMMUNITY_SHRINE_TRADING_MOD',			'MODIFIER_PLAYER_CITIES_ADJUST_BUILDING_HOUSING',				'REQSET_SOTS_CITY_HAS_SHRINE'),
		('MODFEAT_SOTS_COMMUNITY_TEMPLE_HOUSE',					'MODIFIER_ALL_CITIES_ATTACH_MODIFIER',							'REQSET_SOTS_CITY_FOLLOWS_RELIGION_HAS_TEMPLE'),
		('MODFEAT_SOTS_COMMUNITY_TEMPLE_HOUSE_MOD',				'MODIFIER_PLAYER_CITIES_ADJUST_BUILDING_HOUSING',				NULL),
		('MODFEAT_SOTS_COMMUNITY_TEMPLE_TRADING',				'MODIFIER_ALL_CITIES_ATTACH_MODIFIER',							'CITY_FOLLOWS_RELIGION_REQUIREMENTS'),
		('MODFEAT_SOTS_COMMUNITY_TEMPLE_TRADING_MOD',			'MODIFIER_PLAYER_CITIES_ADJUST_BUILDING_HOUSING',				'REQSET_SOTS_CITY_HAS_TEMPLE'),
		('MODFEAT_SOTS_FEED_THE_WORLD_SHRINE_FOOD3',			'MODIFIER_ALL_CITIES_ATTACH_MODIFIER',							'CITY_FOLLOWS_RELIGION_REQUIREMENTS'),
		('MODFEAT_SOTS_FEED_THE_WORLD_SHRINE_FOOD3_M',			'MODIFIER_BUILDING_YIELD_CHANGE',								NULL),
		('MODFEAT_SOTS_FEED_THE_WORLD_TEMPLE_FOOD3',			'MODIFIER_ALL_CITIES_ATTACH_MODIFIER',							'CITY_FOLLOWS_RELIGION_REQUIREMENTS'),
		('MODFEAT_SOTS_FEED_THE_WORLD_TEMPLE_FOOD3_M',			'MODIFIER_BUILDING_YIELD_CHANGE',								NULL),
		('MODFEAT_SOTS_FEED_THE_WORLD_SHRINE_HOUSING',			'MODIFIER_ALL_CITIES_ATTACH_MODIFIER',							'REQSET_SOTS_CITY_FOLLOWS_RELIGION_HAS_SHRINE'),
		('MODFEAT_SOTS_FEED_THE_WORLD_SHRINE_HOUSING_M',		'MODIFIER_SINGLE_CITY_ADJUST_BUILDING_HOUSING',					NULL),
		('MODFEAT_SOTS_FEED_THE_WORLD_TEMPLE_HOUSING',			'MODIFIER_ALL_CITIES_ATTACH_MODIFIER',							'REQSET_SOTS_CITY_FOLLOWS_RELIGION_HAS_TEMPLE'),
		('MODFEAT_SOTS_FEED_THE_WORLD_TEMPLE_HOUSING_M',		'MODIFIER_SINGLE_CITY_ADJUST_BUILDING_HOUSING',					NULL);

INSERT OR REPLACE INTO ModifierArguments(ModifierId, Name, Value)
VALUES	('MODFEAT_SOTS_ALLOW_CATHEDRAL',						'BuildingType',				'BUILDING_SOTS_COAST_CATHEDRAL'),
		('MODFEAT_SOTS_ALLOW_GURDWARA',							'BuildingType',				'BUILDING_SOTS_COAST_GURDWARA'),
		('MODFEAT_SOTS_ALLOW_MEETING_HOUSE',					'BuildingType',				'BUILDING_SOTS_COAST_MEETING_HOUSE'),
		('MODFEAT_SOTS_ALLOW_MOSQUE',							'BuildingType',				'BUILDING_SOTS_COAST_MOSQUE'),
		('MODFEAT_SOTS_ALLOW_PAGODA',							'BuildingType',				'BUILDING_SOTS_COAST_PAGODA'),
		('MODFEAT_SOTS_ALLOW_SYNAGOGUE',						'BuildingType',				'BUILDING_SOTS_COAST_SYNAGOGUE'),
		('MODFEAT_SOTS_ALLOW_WAT',								'BuildingType',				'BUILDING_SOTS_COAST_WAT'),
		('MODFEAT_SOTS_ALLOW_STUPA',							'BuildingType',				'BUILDING_SOTS_COAST_STUPA'),
		('MODFEAT_SOTS_ALLOW_DAR_E_MEHR',						'BuildingType',				'BUILDING_SOTS_COAST_DAR_E_MEHR'),

		('MODFEAT_SOTS_WORK_ETHIC_ADJACENCY_PRODUCTION',		'YieldTypeToMirror',		'YIELD_FAITH'),
		('MODFEAT_SOTS_WORK_ETHIC_ADJACENCY_PRODUCTION',		'YieldTypeToGrant',			'YIELD_PRODUCTION'),
		('MODFEAT_SOTS_LAY_MINISTRY_CULTURE_DISTRICTS',			'ModifierId',				'MODFEAT_SOTS_LAY_MINISTRY_CULTURE_DISTRICTS_M'),
		('MODFEAT_SOTS_LAY_MINISTRY_CULTURE_DISTRICTS_M',		'BeliefYieldType',			'BELIEF_YIELD_PER_DISTRICT'),
		('MODFEAT_SOTS_LAY_MINISTRY_CULTURE_DISTRICTS_M',		'YieldType',				'YIELD_CULTURE'),
		('MODFEAT_SOTS_LAY_MINISTRY_CULTURE_DISTRICTS_M',		'Amount',					1),
		('MODFEAT_SOTS_LAY_MINISTRY_CULTURE_DISTRICTS_M',		'PerXItems',				1),
		('MODFEAT_SOTS_LAY_MINISTRY_CULTURE_DISTRICTS_M',		'DistrictType',				'DISTRICT_SOTS_COAST_THEATER'),
		('MODFEAT_SOTS_LAY_MINISTRY_FAITH_DISTRICTS',			'ModifierId',				'MODFEAT_SOTS_LAY_MINISTRY_FAITH_DISTRICTS_M'),
		('MODFEAT_SOTS_LAY_MINISTRY_FAITH_DISTRICTS_M',			'BeliefYieldType',			'BELIEF_YIELD_PER_DISTRICT'),
		('MODFEAT_SOTS_LAY_MINISTRY_FAITH_DISTRICTS_M',			'YieldType',				'YIELD_FAITH'),
		('MODFEAT_SOTS_LAY_MINISTRY_FAITH_DISTRICTS_M',			'Amount',					1),
		('MODFEAT_SOTS_LAY_MINISTRY_FAITH_DISTRICTS_M',			'PerXItems',				1),
		('MODFEAT_SOTS_LAY_MINISTRY_FAITH_DISTRICTS_M',			'DistrictType',				'DISTRICT_SOTS_COAST_HOLY_SITE'),
		('MODFEAT_SOTS_STEWARDSHIP_SCIENCE_DISTRICTS',			'ModifierId',				'MODFEAT_SOTS_STEWARDSHIP_SCIENCE_DISTRICTS_M'),
		('MODFEAT_SOTS_STEWARDSHIP_SCIENCE_DISTRICTS_M',		'BeliefYieldType',			'BELIEF_YIELD_PER_DISTRICT'),
		('MODFEAT_SOTS_STEWARDSHIP_SCIENCE_DISTRICTS_M',		'YieldType',				'YIELD_SCIENCE'),
		('MODFEAT_SOTS_STEWARDSHIP_SCIENCE_DISTRICTS_M',		'Amount',					1),
		('MODFEAT_SOTS_STEWARDSHIP_SCIENCE_DISTRICTS_M',		'PerXItems',				1),
		('MODFEAT_SOTS_STEWARDSHIP_SCIENCE_DISTRICTS_M',		'DistrictType',				'DISTRICT_SOTS_COAST_CAMPUS'),
		('MODFEAT_SOTS_STEWARDSHIP_GOLD_DISTRICTS',				'ModifierId',				'MODFEAT_SOTS_STEWARDSHIP_GOLD_DISTRICTS_M'),
		('MODFEAT_SOTS_STEWARDSHIP_GOLD_DISTRICTS_M',			'BeliefYieldType',			'BELIEF_YIELD_PER_DISTRICT'),
		('MODFEAT_SOTS_STEWARDSHIP_GOLD_DISTRICTS_M',			'YieldType',				'YIELD_GOLD'),
		('MODFEAT_SOTS_STEWARDSHIP_GOLD_DISTRICTS_M',			'Amount',					1),
		('MODFEAT_SOTS_STEWARDSHIP_GOLD_DISTRICTS_M',			'PerXItems',				1),
		('MODFEAT_SOTS_STEWARDSHIP_GOLD_DISTRICTS_M',			'DistrictType',				'DISTRICT_SOTS_COAST_COMMERCIAL_HUB'),
		('MODFEAT_SOTS_HOLY_WATERS_HEALING',					'ModifierId',				'MODFEAT_SOTS_HOLY_WATERS_HEALING_M'),
		('MODFEAT_SOTS_HOLY_WATERS_HEALING_M',					'Amount',					10),
		('MODFEAT_SOTS_HOLY_WATERS_HEALING_M',					'Type',						'ALL'),
		('MODFEAT_SOTS_GOD_OF_HEALING_UNIT_HEALING',			'ModifierId',				'MODFEAT_SOTS_GOD_OF_HEALING_UNIT_HEALING_M'),
		('MODFEAT_SOTS_GOD_OF_HEALING_UNIT_HEALING_M',			'Amount',					30),
		('MODFEAT_SOTS_GOD_OF_HEALING_UNIT_HEALING_M',			'Type',						'ALL'),
		('MODFEAT_SOTS_GOD_OF_WAR_FAITH_KILLS',					'ModifierId',				'MODFEAT_SOTS_GOD_OF_WAR_FAITH_KILLS_M'),
		('MODFEAT_SOTS_GOD_OF_WAR_FAITH_KILLS_M',				'PercentDefeatedStrength',	50),
		('MODFEAT_SOTS_GOD_OF_WAR_FAITH_KILLS_M',				'YieldType',				'YIELD_FAITH'),
		('MODFEAT_SOTS_DANCE_OF_THE_AURORA_FAITHTUNDRA',		'DistrictType',				'DISTRICT_SOTS_COAST_HOLY_SITE'),
		('MODFEAT_SOTS_DANCE_OF_THE_AURORA_FAITHTUNDRA',		'TerrainType',				'TERRAIN_TUNDRA'),
		('MODFEAT_SOTS_DANCE_OF_THE_AURORA_FAITHTUNDRA',		'YieldType',				'YIELD_FAITH'),
		('MODFEAT_SOTS_DANCE_OF_THE_AURORA_FAITHTUNDRA',		'Amount',					1),
		('MODFEAT_SOTS_DANCE_OF_THE_AURORA_FAITHTUNDRA',		'Description',				'LOC_DISTRICT_TUNDRA_FAITH'),
		('MODFEAT_SOTS_DANCE_OF_THE_AURORA_FAITHTUNDRAH',		'DistrictType',				'DISTRICT_SOTS_COAST_HOLY_SITE'),
		('MODFEAT_SOTS_DANCE_OF_THE_AURORA_FAITHTUNDRAH',		'TerrainType',				'TERRAIN_TUNDRA_HILLS'),
		('MODFEAT_SOTS_DANCE_OF_THE_AURORA_FAITHTUNDRAH',		'YieldType',				'YIELD_FAITH'),
		('MODFEAT_SOTS_DANCE_OF_THE_AURORA_FAITHTUNDRAH',		'Amount',					1),
		('MODFEAT_SOTS_DANCE_OF_THE_AURORA_FAITHTUNDRAH',		'Description',				'LOC_DISTRICT_TUNDRA_FAITH'),
		('MODFEAT_SOTS_DESERT_FOLKLORE_FAITHDESERT',			'DistrictType',				'DISTRICT_SOTS_COAST_HOLY_SITE'),
		('MODFEAT_SOTS_DESERT_FOLKLORE_FAITHDESERT',			'TerrainType',				'TERRAIN_DESERT'),
		('MODFEAT_SOTS_DESERT_FOLKLORE_FAITHDESERT',			'YieldType',				'YIELD_FAITH'),
		('MODFEAT_SOTS_DESERT_FOLKLORE_FAITHDESERT',			'Amount',					1),
		('MODFEAT_SOTS_DESERT_FOLKLORE_FAITHDESERT',			'Description',				'LOC_DISTRICT_DESERT_FAITH'),
		('MODFEAT_SOTS_DESERT_FOLKLORE_FAITHDESERTH',			'DistrictType',				'DISTRICT_SOTS_COAST_HOLY_SITE'),
		('MODFEAT_SOTS_DESERT_FOLKLORE_FAITHDESERTH',			'TerrainType',				'TERRAIN_DESERT_HILLS'),
		('MODFEAT_SOTS_DESERT_FOLKLORE_FAITHDESERTH',			'YieldType',				'YIELD_FAITH'),
		('MODFEAT_SOTS_DESERT_FOLKLORE_FAITHDESERTH',			'Amount',					1),
		('MODFEAT_SOTS_DESERT_FOLKLORE_FAITHDESERTH',			'Description',				'LOC_DISTRICT_DESERT_FAITH'),
		('MODFEAT_SOTS_SACRED_PATH_FAITHFEATUREADJACENCY',		'DistrictType',				'DISTRICT_SOTS_COAST_HOLY_SITE'),
		('MODFEAT_SOTS_SACRED_PATH_FAITHFEATUREADJACENCY',		'FeatureType',				'FEATURE_JUNGLE'),
		('MODFEAT_SOTS_SACRED_PATH_FAITHFEATUREADJACENCY',		'YieldType',				'YIELD_FAITH'),
		('MODFEAT_SOTS_SACRED_PATH_FAITHFEATUREADJACENCY',		'Amount',					1),
		('MODFEAT_SOTS_SACRED_PATH_FAITHFEATUREADJACENCY',		'Description',				'LOC_DISTRICT_JUNGLE_FAITH'),
		('MODFEAT_SOTS_DIVINE_SPARK_HOLY_SITE',					'ModifierId',				'MODFEAT_SOTS_DIVINE_SPARK_HOLY_SITE_M'),
		('MODFEAT_SOTS_DIVINE_SPARK_HOLY_SITE_M',				'GreatPersonClassType',		'GREAT_PERSON_CLASS_PROPHET'),
		('MODFEAT_SOTS_DIVINE_SPARK_HOLY_SITE_M',				'Amount',					1),
		('MODFEAT_SOTS_DIVINE_SPARK_CAMPUS',					'ModifierId',				'MODFEAT_SOTS_DIVINE_SPARK_CAMPUS_M'),
		('MODFEAT_SOTS_DIVINE_SPARK_CAMPUS_M',					'GreatPersonClassType',		'GREAT_PERSON_CLASS_SCIENTIST'),
		('MODFEAT_SOTS_DIVINE_SPARK_CAMPUS_M',					'Amount',					1),
		('MODFEAT_SOTS_DIVINE_SPARK_THEATER',					'ModifierId',				'MODFEAT_SOTS_DIVINE_SPARK_THEATER_M'),
		('MODFEAT_SOTS_DIVINE_SPARK_THEATER_M',					'GreatPersonClassType',		'GREAT_PERSON_CLASS_WRITER'),
		('MODFEAT_SOTS_DIVINE_SPARK_THEATER_M',					'Amount',					1),
		('MODFEAT_SOTS_RIVER_GODDESS_HOLY_SITE_AMENITY',		'ModifierId',				'MODFEAT_SOTS_RIVER_GODDESS_HOLY_SITE_AMENITY_M'),
		('MODFEAT_SOTS_RIVER_GODDESS_HOLY_SITE_AMENITY_M',		'Amount',					1),
		
		('MODFEAT_SOTS_JESUIT_EDUCATION_SCIENCE_BUILDINGS',		'ModifierId',				'MODFEAT_SOTS_JESUIT_EDUCATION_SCIENCE_BUILDINGS_M'),
		('MODFEAT_SOTS_JESUIT_EDUCATION_SCIENCE_BUILDINGS_M',	'DistrictType',				'DISTRICT_SOTS_COAST_CAMPUS'),
		('MODFEAT_SOTS_JESUIT_EDUCATION_CULTURE_BUILDINGS',		'ModifierId',				'MODFEAT_SOTS_JESUIT_EDUCATION_CULTURE_BUILDINGS_M'),
		('MODFEAT_SOTS_JESUIT_EDUCATION_CULTURE_BUILDINGS_M',	'DistrictType',				'DISTRICT_SOTS_COAST_THEATER'),
		('MODFEAT_SOTS_CHORAL_MUSIC_SHRINE_CULTURE',			'ModifierId',				'MODFEAT_SOTS_CHORAL_MUSIC_SHRINE_CULTURE_MOD'),
		('MODFEAT_SOTS_CHORAL_MUSIC_SHRINE_CULTURE_MOD',		'BuildingType',				'BUILDING_KOTORI_SHRINE'),
		('MODFEAT_SOTS_CHORAL_MUSIC_SHRINE_CULTURE_MOD',		'YieldType',				'YIELD_CULTURE'),
		('MODFEAT_SOTS_CHORAL_MUSIC_SHRINE_CULTURE_MOD',		'Amount',					4),
		('MODFEAT_SOTS_CHORAL_MUSIC_TEMPLE_CULTURE',			'ModifierId',				'MODFEAT_SOTS_CHORAL_MUSIC_TEMPLE_CULTURE_MOD'),
		('MODFEAT_SOTS_CHORAL_MUSIC_TEMPLE_CULTURE_MOD',		'BuildingType',				'BUILDING_KOTORI_TEMPLE'),
		('MODFEAT_SOTS_CHORAL_MUSIC_TEMPLE_CULTURE_MOD',		'YieldType',				'YIELD_CULTURE'),
		('MODFEAT_SOTS_CHORAL_MUSIC_TEMPLE_CULTURE_MOD',		'Amount',					5),
		('MODFEAT_SOTS_COMMUNITY_SHRINE_HOUSE',					'ModifierId',				'MODFEAT_SOTS_COMMUNITY_SHRINE_HOUSE_MOD'),
		('MODFEAT_SOTS_COMMUNITY_SHRINE_HOUSE_MOD',				'Amount',					1),
		('MODFEAT_SOTS_COMMUNITY_SHRINE_TRADING',				'ModifierId',				'MODFEAT_SOTS_COMMUNITY_SHRINE_TRADING_MOD'),
		('MODFEAT_SOTS_COMMUNITY_SHRINE_TRADING_MOD',			'YieldType',				'YIELD_GOLD'),
		('MODFEAT_SOTS_COMMUNITY_SHRINE_TRADING_MOD',			'Amount',					2),
		('MODFEAT_SOTS_COMMUNITY_TEMPLE_HOUSE',					'ModifierId',				'MODFEAT_SOTS_COMMUNITY_TEMPLE_HOUSE_MOD'),
		('MODFEAT_SOTS_COMMUNITY_TEMPLE_HOUSE_MOD',				'Amount',					1),
		('MODFEAT_SOTS_COMMUNITY_TEMPLE_TRADING',				'ModifierId',				'MODFEAT_SOTS_COMMUNITY_TEMPLE_TRADING_MOD'),
		('MODFEAT_SOTS_COMMUNITY_TEMPLE_TRADING_MOD',			'YieldType',				'YIELD_GOLD'),
		('MODFEAT_SOTS_COMMUNITY_TEMPLE_TRADING_MOD',			'Amount',					2),
		('MODFEAT_SOTS_FEED_THE_WORLD_SHRINE_FOOD3',			'ModifierId',				'MODFEAT_SOTS_FEED_THE_WORLD_SHRINE_FOOD3_M'),
		('MODFEAT_SOTS_FEED_THE_WORLD_SHRINE_FOOD3_M',			'BuildingType',				'BUILDING_SOTS_COAST_SHRINE'),
		('MODFEAT_SOTS_FEED_THE_WORLD_SHRINE_FOOD3_M',			'YieldType',				'YIELD_FOOD'),
		('MODFEAT_SOTS_FEED_THE_WORLD_SHRINE_FOOD3_M',			'Amount',					3),
		('MODFEAT_SOTS_FEED_THE_WORLD_TEMPLE_FOOD3',			'ModifierId',				'MODFEAT_SOTS_FEED_THE_WORLD_TEMPLE_FOOD3_M'),
		('MODFEAT_SOTS_FEED_THE_WORLD_TEMPLE_FOOD3_M',			'BuildingType',				'BUILDING_SOTS_COAST_TEMPLE'),
		('MODFEAT_SOTS_FEED_THE_WORLD_TEMPLE_FOOD3_M',			'YieldType',				'YIELD_FOOD'),
		('MODFEAT_SOTS_FEED_THE_WORLD_TEMPLE_FOOD3_M',			'Amount',					3),
		('MODFEAT_SOTS_FEED_THE_WORLD_SHRINE_HOUSING',			'ModifierId',				'MODFEAT_SOTS_FEED_THE_WORLD_SHRINE_HOUSING_M'),
		('MODFEAT_SOTS_FEED_THE_WORLD_SHRINE_HOUSING_M',		'Amount',					2),
		('MODFEAT_SOTS_FEED_THE_WORLD_TEMPLE_HOUSING',			'ModifierId',				'MODFEAT_SOTS_FEED_THE_WORLD_TEMPLE_HOUSING_M'),
		('MODFEAT_SOTS_FEED_THE_WORLD_TEMPLE_HOUSING_M',		'Amount',					2);

INSERT OR REPLACE INTO Unit_BuildingPrereqs (Unit, PrereqBuilding, NumSupported)
SELECT	CivUniqueUnitType, 'BUILDING_SOTS_COAST_MUSEUM_ARTIFACT', 1 FROM UnitReplaces WHERE ReplacesUnitType = 'UNIT_ARCHAEOLOGIST';

--RockBand
INSERT OR REPLACE INTO UnitPromotionModifiers (UnitPromotionType, ModifierId)
SELECT			UnitPromotionType,								'MODFEAT_SOTS_GLAM_ROCK_THEATER'			FROM UnitPromotions WHERE UnitPromotionType = 'PROMOTION_GLAM_ROCK'
UNION SELECT	UnitPromotionType,								'MODFEAT_SOTS_SPACE_ROCK_CAMPUS'			FROM UnitPromotions WHERE UnitPromotionType = 'PROMOTION_SPACE_ROCK'
UNION SELECT	UnitPromotionType,								'MODFEAT_SOTS_SPACE_ROCK_CAMPUS_MODIFIER'	FROM UnitPromotions WHERE UnitPromotionType = 'PROMOTION_SPACE_ROCK';

INSERT OR REPLACE INTO Modifiers (ModifierId, ModifierType)
VALUES	('MODFEAT_SOTS_GLAM_ROCK_THEATER',						'MODIFIER_PLAYER_UNIT_ADJUST_ROCK_BAND_LEVEL_DISTRICT'),
		('MODFEAT_SOTS_SPACE_ROCK_CAMPUS',						'MODIFIER_PLAYER_UNIT_ADJUST_ROCK_BAND_LEVEL_DISTRICT'),
		('MODFEAT_SOTS_SPACE_ROCK_CAMPUS_MODIFIER',				'MODIFIER_PLAYER_UNIT_ADJUST_TOURISM_BOMB_DISTRICT');

INSERT OR REPLACE INTO ModifierArguments (ModifierId, Name, Value)
VALUES	('MODFEAT_SOTS_GLAM_ROCK_THEATER',						'DistrictType',	'DISTRICT_SOTS_COAST_THEATER'),
		('MODFEAT_SOTS_GLAM_ROCK_THEATER',						'Amount',		2),
		('MODFEAT_SOTS_SPACE_ROCK_CAMPUS',						'DistrictType',	'DISTRICT_SOTS_COAST_CAMPUS'),
		('MODFEAT_SOTS_SPACE_ROCK_CAMPUS',						'Amount',		1),
		('MODFEAT_SOTS_SPACE_ROCK_CAMPUS_MODIFIER',				'DistrictType',	'DISTRICT_SOTS_COAST_CAMPUS'),
		('MODFEAT_SOTS_SPACE_ROCK_CAMPUS_MODIFIER',				'Amount',		500);


--Bermuda Triangle++ 2197566393
INSERT OR REPLACE INTO UnitAbilityModifiers (UnitAbilityType, ModifierId)
VALUES	('ABILITY_SOTS_LOST_AT_SEA',							'MODFEAT_SOTS_EARLY_EMBARK_OCEAN');

INSERT OR REPLACE INTO Modifiers (ModifierId, ModifierType, SubjectRequirementSetId)
VALUES	('MODFEAT_SOTS_EARLY_EMBARK_OCEAN',						'MODIFIER_PLAYER_UNITS_ADJUST_VALID_TERRAIN',	NULL);

INSERT OR REPLACE INTO ModifierArguments (ModifierId, Name, Value)
VALUES	('MODFEAT_SOTS_EARLY_EMBARK_OCEAN',						'TerrainType',		'TERRAIN_OCEAN'),
		('MODFEAT_SOTS_EARLY_EMBARK_OCEAN',						'Valid',			1);

UPDATE Features SET NoCoast = 0																	WHERE FeatureType = 'FEATURE_BERMUDA_TRIANGLE';
DELETE FROM Feature_NotAdjacentTerrains															WHERE FeatureType = 'FEATURE_BERMUDA_TRIANGLE';

INSERT OR REPLACE INTO Feature_ValidTerrains (FeatureType, TerrainType)
SELECT	FeatureType,	'TERRAIN_COAST'											FROM Features	WHERE FeatureType = 'FEATURE_BERMUDA_TRIANGLE';

INSERT OR REPLACE INTO Feature_YieldChanges (Featuretype, YieldType, YieldChange)
SELECT			FeatureType, 'YIELD_SCIENCE',	2								FROM Features	WHERE FeatureType = 'FEATURE_BERMUDA_TRIANGLE';

INSERT OR REPLACE INTO Feature_AdjacentYields (Featuretype, YieldType, YieldChange)
SELECT			FeatureType, 'YIELD_SCIENCE',	2								FROM Features	WHERE FeatureType = 'FEATURE_BERMUDA_TRIANGLE'
UNION SELECT	FeatureType, 'YIELD_FOOD',		1								FROM Features	WHERE FeatureType = 'FEATURE_BERMUDA_TRIANGLE'
UNION SELECT	FeatureType, 'YIELD_GOLD',		1								FROM Features	WHERE FeatureType = 'FEATURE_BERMUDA_TRIANGLE';

INSERT OR REPLACE INTO TraitModifiers (TraitType, ModifierId)
SELECT			'TRAIT_LEADER_MAJOR_CIV',	'MODFEAT_SOTS_GRANT_LOST_AT_SEA'	FROM Features	WHERE FeatureType = 'FEATURE_BERMUDA_TRIANGLE'
UNION SELECT	'MINOR_CIV_DEFAULT_TRAIT',	'MODFEAT_SOTS_GRANT_LOST_AT_SEA'	FROM Features	WHERE FeatureType = 'FEATURE_BERMUDA_TRIANGLE'
UNION SELECT	'TRAIT_LEADER_FREE_CITIES',	'MODFEAT_SOTS_GRANT_LOST_AT_SEA'	FROM Features	WHERE FeatureType = 'FEATURE_BERMUDA_TRIANGLE'
UNION SELECT	'TRAIT_BARBARIAN',			'MODFEAT_SOTS_GRANT_LOST_AT_SEA'	FROM Features	WHERE FeatureType = 'FEATURE_BERMUDA_TRIANGLE';

INSERT OR REPLACE INTO Modifiers (ModifierId, ModifierType, Permanent,	SubjectRequirementSetId)
SELECT	'MODFEAT_SOTS_GRANT_LOST_AT_SEA',		'MODIFIER_PLAYER_UNITS_GRANT_ABILITY', 1, 'UNIT_ENTERS_BERMUDA_TRIANGLE'	FROM Features WHERE FeatureType = 'FEATURE_BERMUDA_TRIANGLE';

INSERT OR REPLACE INTO ModifierArguments (ModifierId, Name, Value)
SELECT	'MODFEAT_SOTS_GRANT_LOST_AT_SEA',		'AbilityType',	'ABILITY_SOTS_LOST_AT_SEA' FROM Features WHERE FeatureType = 'FEATURE_BERMUDA_TRIANGLE';
