<Anims>
 <anim name="lol_wp_s9_eyestone_high" root="torso_lol_wp_s9_eyestone_high" numframes="50" framerate="40">
  <frame idx="0" w="94" h="159" x="-9.181483" y="-46.728786">
   <element name="lol_wp_s9_eyestone_high" layername="lol_wp_s9_eyestone_high" frame="0" z_index="0" m_a="1.000000" m_b="0.000000" m_c="0.000000" m_d="1.000000" m_tx="-0.450000" m_ty="-0.300000"/>
  </frame>
  <frame idx="25" w="94" h="159" x="-9.181483" y="-46.728786">
   <element name="lol_wp_s9_eyestone_high" layername="lol_wp_s9_eyestone_high" frame="0" z_index="0" m_a="1.000000" m_b="0.000000" m_c="0.000000" m_d="1.000000" m_tx="-0.450000" m_ty="-0.300000"/>
  </frame>
 </anim>
</Anims>
