<Anims>
 <anim name="charm_bee" root="chips" numframes="1000" framerate="40">
  <frame idx="0" w="132" h="185" x="-0.500000" y="-40.000000">
   <element name="chips" layername="chips" frame="0" z_index="3" m_a="1.000000" m_b="0.000000" m_c="0.000000" m_d="1.000000" m_tx="-60.000000" m_ty="-104.000000"/>
  </frame>
  <frame idx="25" w="132" h="185" x="-0.500000" y="-40.000000">
   <element name="chips" layername="chips" frame="0" z_index="3" m_a="1.000000" m_b="0.000000" m_c="0.000000" m_d="1.000000" m_tx="-60.000000" m_ty="-104.000000"/>
  </frame>
  <frame idx="50" w="132" h="185" x="-0.500000" y="-40.000000">
   <element name="chips" layername="chips" frame="0" z_index="3" m_a="1.000000" m_b="0.000000" m_c="0.000000" m_d="1.000000" m_tx="-60.000000" m_ty="-104.000000"/>
  </frame>
  <frame idx="75" w="132" h="185" x="-0.500000" y="-40.000000">
   <element name="chips" layername="chips" frame="0" z_index="3" m_a="1.000000" m_b="0.000000" m_c="0.000000" m_d="1.000000" m_tx="-60.000000" m_ty="-104.000000"/>
  </frame>
  <frame idx="100" w="132" h="185" x="-0.500000" y="-40.000000">
   <element name="chips" layername="chips" frame="0" z_index="3" m_a="1.000000" m_b="0.000000" m_c="0.000000" m_d="1.000000" m_tx="-60.000000" m_ty="-104.000000"/>
  </frame>
  <frame idx="125" w="132" h="185" x="-0.500000" y="-40.000000">
   <element name="chips" layername="chips" frame="0" z_index="3" m_a="1.000000" m_b="0.000000" m_c="0.000000" m_d="1.000000" m_tx="-60.000000" m_ty="-104.000000"/>
  </frame>
  <frame idx="150" w="132" h="185" x="-0.500000" y="-40.000000">
   <element name="chips" layername="chips" frame="0" z_index="3" m_a="1.000000" m_b="0.000000" m_c="0.000000" m_d="1.000000" m_tx="-60.000000" m_ty="-104.000000"/>
  </frame>
  <frame idx="175" w="132" h="185" x="-0.500000" y="-40.000000">
   <element name="chips" layername="chips" frame="0" z_index="3" m_a="1.000000" m_b="0.000000" m_c="0.000000" m_d="1.000000" m_tx="-60.000000" m_ty="-104.000000"/>
  </frame>
  <frame idx="200" w="132" h="185" x="-0.500000" y="-40.000000">
   <element name="chips" layername="chips" frame="0" z_index="3" m_a="1.000000" m_b="0.000000" m_c="0.000000" m_d="1.000000" m_tx="-60.000000" m_ty="-104.000000"/>
  </frame>
  <frame idx="225" w="132" h="185" x="-0.500000" y="-40.000000">
   <element name="chips" layername="chips" frame="0" z_index="3" m_a="1.000000" m_b="0.000000" m_c="0.000000" m_d="1.000000" m_tx="-60.000000" m_ty="-104.000000"/>
  </frame>
  <frame idx="250" w="132" h="185" x="-0.500000" y="-40.000000">
   <element name="chips" layername="chips" frame="0" z_index="3" m_a="1.000000" m_b="0.000000" m_c="0.000000" m_d="1.000000" m_tx="-60.000000" m_ty="-104.000000"/>
  </frame>
  <frame idx="275" w="132" h="185" x="-0.500000" y="-40.000000">
   <element name="chips" layername="chips" frame="0" z_index="3" m_a="1.000000" m_b="0.000000" m_c="0.000000" m_d="1.000000" m_tx="-60.000000" m_ty="-104.000000"/>
  </frame>
  <frame idx="300" w="132" h="185" x="-0.500000" y="-40.000000">
   <element name="chips" layername="chips" frame="0" z_index="3" m_a="1.000000" m_b="0.000000" m_c="0.000000" m_d="1.000000" m_tx="-60.000000" m_ty="-104.000000"/>
  </frame>
  <frame idx="325" w="132" h="185" x="-0.500000" y="-40.000000">
   <element name="chips" layername="chips" frame="0" z_index="3" m_a="1.000000" m_b="0.000000" m_c="0.000000" m_d="1.000000" m_tx="-60.000000" m_ty="-104.000000"/>
  </frame>
  <frame idx="350" w="132" h="185" x="-0.500000" y="-40.000000">
   <element name="chips" layername="chips" frame="0" z_index="3" m_a="1.000000" m_b="0.000000" m_c="0.000000" m_d="1.000000" m_tx="-60.000000" m_ty="-104.000000"/>
  </frame>
  <frame idx="375" w="132" h="185" x="-0.500000" y="-40.000000">
   <element name="chips" layername="chips" frame="0" z_index="3" m_a="1.000000" m_b="0.000000" m_c="0.000000" m_d="1.000000" m_tx="-60.000000" m_ty="-104.000000"/>
  </frame>
  <frame idx="400" w="132" h="185" x="-0.500000" y="-40.000000">
   <element name="chips" layername="chips" frame="0" z_index="3" m_a="1.000000" m_b="0.000000" m_c="0.000000" m_d="1.000000" m_tx="-60.000000" m_ty="-104.000000"/>
  </frame>
  <frame idx="425" w="132" h="185" x="-0.500000" y="-40.000000">
   <element name="chips" layername="chips" frame="0" z_index="3" m_a="1.000000" m_b="0.000000" m_c="0.000000" m_d="1.000000" m_tx="-60.000000" m_ty="-104.000000"/>
  </frame>
  <frame idx="450" w="132" h="185" x="-0.500000" y="-40.000000">
   <element name="chips" layername="chips" frame="0" z_index="3" m_a="1.000000" m_b="0.000000" m_c="0.000000" m_d="1.000000" m_tx="-60.000000" m_ty="-104.000000"/>
  </frame>
  <frame idx="475" w="132" h="185" x="-0.500000" y="-40.000000">
   <element name="chips" layername="chips" frame="0" z_index="3" m_a="1.000000" m_b="0.000000" m_c="0.000000" m_d="1.000000" m_tx="-60.000000" m_ty="-104.000000"/>
  </frame>
  <frame idx="500" w="132" h="185" x="-0.500000" y="-40.000000">
   <element name="chips" layername="chips" frame="0" z_index="3" m_a="1.000000" m_b="0.000000" m_c="0.000000" m_d="1.000000" m_tx="-60.000000" m_ty="-104.000000"/>
  </frame>
  <frame idx="525" w="132" h="185" x="-0.500000" y="-40.000000">
   <element name="chips" layername="chips" frame="0" z_index="3" m_a="1.000000" m_b="0.000000" m_c="0.000000" m_d="1.000000" m_tx="-60.000000" m_ty="-104.000000"/>
  </frame>
  <frame idx="550" w="132" h="185" x="-0.500000" y="-40.000000">
   <element name="chips" layername="chips" frame="0" z_index="3" m_a="1.000000" m_b="0.000000" m_c="0.000000" m_d="1.000000" m_tx="-60.000000" m_ty="-104.000000"/>
  </frame>
  <frame idx="575" w="132" h="185" x="-0.500000" y="-40.000000">
   <element name="chips" layername="chips" frame="0" z_index="3" m_a="1.000000" m_b="0.000000" m_c="0.000000" m_d="1.000000" m_tx="-60.000000" m_ty="-104.000000"/>
  </frame>
  <frame idx="600" w="132" h="185" x="-0.500000" y="-40.000000">
   <element name="chips" layername="chips" frame="0" z_index="3" m_a="1.000000" m_b="0.000000" m_c="0.000000" m_d="1.000000" m_tx="-60.000000" m_ty="-104.000000"/>
  </frame>
  <frame idx="625" w="132" h="185" x="-0.500000" y="-40.000000">
   <element name="chips" layername="chips" frame="0" z_index="3" m_a="1.000000" m_b="0.000000" m_c="0.000000" m_d="1.000000" m_tx="-60.000000" m_ty="-104.000000"/>
  </frame>
  <frame idx="650" w="132" h="185" x="-0.500000" y="-40.000000">
   <element name="chips" layername="chips" frame="0" z_index="3" m_a="1.000000" m_b="0.000000" m_c="0.000000" m_d="1.000000" m_tx="-60.000000" m_ty="-104.000000"/>
  </frame>
  <frame idx="675" w="132" h="185" x="-0.500000" y="-40.000000">
   <element name="chips" layername="chips" frame="0" z_index="3" m_a="1.000000" m_b="0.000000" m_c="0.000000" m_d="1.000000" m_tx="-60.000000" m_ty="-104.000000"/>
  </frame>
  <frame idx="700" w="132" h="185" x="-0.500000" y="-40.000000">
   <element name="chips" layername="chips" frame="0" z_index="3" m_a="1.000000" m_b="0.000000" m_c="0.000000" m_d="1.000000" m_tx="-60.000000" m_ty="-104.000000"/>
  </frame>
  <frame idx="725" w="132" h="185" x="-0.500000" y="-40.000000">
   <element name="chips" layername="chips" frame="0" z_index="3" m_a="1.000000" m_b="0.000000" m_c="0.000000" m_d="1.000000" m_tx="-60.000000" m_ty="-104.000000"/>
  </frame>
  <frame idx="750" w="132" h="185" x="-0.500000" y="-40.000000">
   <element name="chips" layername="chips" frame="0" z_index="3" m_a="1.000000" m_b="0.000000" m_c="0.000000" m_d="1.000000" m_tx="-60.000000" m_ty="-104.000000"/>
  </frame>
  <frame idx="775" w="132" h="185" x="-0.500000" y="-40.000000">
   <element name="chips" layername="chips" frame="0" z_index="3" m_a="1.000000" m_b="0.000000" m_c="0.000000" m_d="1.000000" m_tx="-60.000000" m_ty="-104.000000"/>
  </frame>
  <frame idx="800" w="132" h="185" x="-0.500000" y="-40.000000">
   <element name="chips" layername="chips" frame="0" z_index="3" m_a="1.000000" m_b="0.000000" m_c="0.000000" m_d="1.000000" m_tx="-60.000000" m_ty="-104.000000"/>
  </frame>
  <frame idx="825" w="132" h="185" x="-0.500000" y="-40.000000">
   <element name="chips" layername="chips" frame="0" z_index="3" m_a="1.000000" m_b="0.000000" m_c="0.000000" m_d="1.000000" m_tx="-60.000000" m_ty="-104.000000"/>
  </frame>
  <frame idx="850" w="132" h="185" x="-0.500000" y="-40.000000">
   <element name="chips" layername="chips" frame="0" z_index="3" m_a="1.000000" m_b="0.000000" m_c="0.000000" m_d="1.000000" m_tx="-60.000000" m_ty="-104.000000"/>
  </frame>
  <frame idx="875" w="132" h="185" x="-0.500000" y="-40.000000">
   <element name="chips" layername="chips" frame="0" z_index="3" m_a="1.000000" m_b="0.000000" m_c="0.000000" m_d="1.000000" m_tx="-60.000000" m_ty="-104.000000"/>
  </frame>
  <frame idx="900" w="132" h="185" x="-0.500000" y="-40.000000">
   <element name="chips" layername="chips" frame="0" z_index="3" m_a="1.000000" m_b="0.000000" m_c="0.000000" m_d="1.000000" m_tx="-60.000000" m_ty="-104.000000"/>
  </frame>
  <frame idx="925" w="132" h="185" x="-0.500000" y="-40.000000">
   <element name="chips" layername="chips" frame="0" z_index="3" m_a="1.000000" m_b="0.000000" m_c="0.000000" m_d="1.000000" m_tx="-60.000000" m_ty="-104.000000"/>
  </frame>
  <frame idx="950" w="132" h="185" x="-0.500000" y="-40.000000">
   <element name="chips" layername="chips" frame="0" z_index="3" m_a="1.000000" m_b="0.000000" m_c="0.000000" m_d="1.000000" m_tx="-60.000000" m_ty="-104.000000"/>
  </frame>
  <frame idx="975" w="132" h="185" x="-0.500000" y="-40.000000">
   <element name="chips" layername="chips" frame="0" z_index="3" m_a="1.000000" m_b="0.000000" m_c="0.000000" m_d="1.000000" m_tx="-60.000000" m_ty="-104.000000"/>
  </frame>
 </anim>
 <anim name="charm_fungus" root="chips" numframes="1000" framerate="40">
  <frame idx="0" w="147" h="190" x="1.145905" y="-43.678986">
   <element name="chips" layername="chips-2" frame="2" z_index="3" m_a="1.000000" m_b="0.000000" m_c="0.000000" m_d="1.000000" m_tx="-65.854095" m_ty="-107.678993"/>
  </frame>
  <frame idx="25" w="147" h="190" x="1.145905" y="-43.678986">
   <element name="chips" layername="chips-2" frame="2" z_index="3" m_a="1.000000" m_b="0.000000" m_c="0.000000" m_d="1.000000" m_tx="-65.854095" m_ty="-107.678993"/>
  </frame>
  <frame idx="50" w="147" h="190" x="1.145905" y="-43.678986">
   <element name="chips" layername="chips-2" frame="2" z_index="3" m_a="1.000000" m_b="0.000000" m_c="0.000000" m_d="1.000000" m_tx="-65.854095" m_ty="-107.678993"/>
  </frame>
  <frame idx="75" w="147" h="190" x="1.145905" y="-43.678986">
   <element name="chips" layername="chips-2" frame="2" z_index="3" m_a="1.000000" m_b="0.000000" m_c="0.000000" m_d="1.000000" m_tx="-65.854095" m_ty="-107.678993"/>
  </frame>
  <frame idx="100" w="147" h="190" x="1.145905" y="-43.678986">
   <element name="chips" layername="chips-2" frame="2" z_index="3" m_a="1.000000" m_b="0.000000" m_c="0.000000" m_d="1.000000" m_tx="-65.854095" m_ty="-107.678993"/>
  </frame>
  <frame idx="125" w="147" h="190" x="1.145905" y="-43.678986">
   <element name="chips" layername="chips-2" frame="2" z_index="3" m_a="1.000000" m_b="0.000000" m_c="0.000000" m_d="1.000000" m_tx="-65.854095" m_ty="-107.678993"/>
  </frame>
  <frame idx="150" w="147" h="190" x="1.145905" y="-43.678986">
   <element name="chips" layername="chips-2" frame="2" z_index="3" m_a="1.000000" m_b="0.000000" m_c="0.000000" m_d="1.000000" m_tx="-65.854095" m_ty="-107.678993"/>
  </frame>
  <frame idx="175" w="147" h="190" x="1.145905" y="-43.678986">
   <element name="chips" layername="chips-2" frame="2" z_index="3" m_a="1.000000" m_b="0.000000" m_c="0.000000" m_d="1.000000" m_tx="-65.854095" m_ty="-107.678993"/>
  </frame>
  <frame idx="200" w="147" h="190" x="1.145905" y="-43.678986">
   <element name="chips" layername="chips-2" frame="2" z_index="3" m_a="1.000000" m_b="0.000000" m_c="0.000000" m_d="1.000000" m_tx="-65.854095" m_ty="-107.678993"/>
  </frame>
  <frame idx="225" w="147" h="190" x="1.145905" y="-43.678986">
   <element name="chips" layername="chips-2" frame="2" z_index="3" m_a="1.000000" m_b="0.000000" m_c="0.000000" m_d="1.000000" m_tx="-65.854095" m_ty="-107.678993"/>
  </frame>
  <frame idx="250" w="147" h="190" x="1.145905" y="-43.678986">
   <element name="chips" layername="chips-2" frame="2" z_index="3" m_a="1.000000" m_b="0.000000" m_c="0.000000" m_d="1.000000" m_tx="-65.854095" m_ty="-107.678993"/>
  </frame>
  <frame idx="275" w="147" h="190" x="1.145905" y="-43.678986">
   <element name="chips" layername="chips-2" frame="2" z_index="3" m_a="1.000000" m_b="0.000000" m_c="0.000000" m_d="1.000000" m_tx="-65.854095" m_ty="-107.678993"/>
  </frame>
  <frame idx="300" w="147" h="190" x="1.145905" y="-43.678986">
   <element name="chips" layername="chips-2" frame="2" z_index="3" m_a="1.000000" m_b="0.000000" m_c="0.000000" m_d="1.000000" m_tx="-65.854095" m_ty="-107.678993"/>
  </frame>
  <frame idx="325" w="147" h="190" x="1.145905" y="-43.678986">
   <element name="chips" layername="chips-2" frame="2" z_index="3" m_a="1.000000" m_b="0.000000" m_c="0.000000" m_d="1.000000" m_tx="-65.854095" m_ty="-107.678993"/>
  </frame>
  <frame idx="350" w="147" h="190" x="1.145905" y="-43.678986">
   <element name="chips" layername="chips-2" frame="2" z_index="3" m_a="1.000000" m_b="0.000000" m_c="0.000000" m_d="1.000000" m_tx="-65.854095" m_ty="-107.678993"/>
  </frame>
  <frame idx="375" w="147" h="190" x="1.145905" y="-43.678986">
   <element name="chips" layername="chips-2" frame="2" z_index="3" m_a="1.000000" m_b="0.000000" m_c="0.000000" m_d="1.000000" m_tx="-65.854095" m_ty="-107.678993"/>
  </frame>
  <frame idx="400" w="147" h="190" x="1.145905" y="-43.678986">
   <element name="chips" layername="chips-2" frame="2" z_index="3" m_a="1.000000" m_b="0.000000" m_c="0.000000" m_d="1.000000" m_tx="-65.854095" m_ty="-107.678993"/>
  </frame>
  <frame idx="425" w="147" h="190" x="1.145905" y="-43.678986">
   <element name="chips" layername="chips-2" frame="2" z_index="3" m_a="1.000000" m_b="0.000000" m_c="0.000000" m_d="1.000000" m_tx="-65.854095" m_ty="-107.678993"/>
  </frame>
  <frame idx="450" w="147" h="190" x="1.145905" y="-43.678986">
   <element name="chips" layername="chips-2" frame="2" z_index="3" m_a="1.000000" m_b="0.000000" m_c="0.000000" m_d="1.000000" m_tx="-65.854095" m_ty="-107.678993"/>
  </frame>
  <frame idx="475" w="147" h="190" x="1.145905" y="-43.678986">
   <element name="chips" layername="chips-2" frame="2" z_index="3" m_a="1.000000" m_b="0.000000" m_c="0.000000" m_d="1.000000" m_tx="-65.854095" m_ty="-107.678993"/>
  </frame>
  <frame idx="500" w="147" h="190" x="1.145905" y="-43.678986">
   <element name="chips" layername="chips-2" frame="2" z_index="3" m_a="1.000000" m_b="0.000000" m_c="0.000000" m_d="1.000000" m_tx="-65.854095" m_ty="-107.678993"/>
  </frame>
  <frame idx="525" w="147" h="190" x="1.145905" y="-43.678986">
   <element name="chips" layername="chips-2" frame="2" z_index="3" m_a="1.000000" m_b="0.000000" m_c="0.000000" m_d="1.000000" m_tx="-65.854095" m_ty="-107.678993"/>
  </frame>
  <frame idx="550" w="147" h="190" x="1.145905" y="-43.678986">
   <element name="chips" layername="chips-2" frame="2" z_index="3" m_a="1.000000" m_b="0.000000" m_c="0.000000" m_d="1.000000" m_tx="-65.854095" m_ty="-107.678993"/>
  </frame>
  <frame idx="575" w="147" h="190" x="1.145905" y="-43.678986">
   <element name="chips" layername="chips-2" frame="2" z_index="3" m_a="1.000000" m_b="0.000000" m_c="0.000000" m_d="1.000000" m_tx="-65.854095" m_ty="-107.678993"/>
  </frame>
  <frame idx="600" w="147" h="190" x="1.145905" y="-43.678986">
   <element name="chips" layername="chips-2" frame="2" z_index="3" m_a="1.000000" m_b="0.000000" m_c="0.000000" m_d="1.000000" m_tx="-65.854095" m_ty="-107.678993"/>
  </frame>
  <frame idx="625" w="147" h="190" x="1.145905" y="-43.678986">
   <element name="chips" layername="chips-2" frame="2" z_index="3" m_a="1.000000" m_b="0.000000" m_c="0.000000" m_d="1.000000" m_tx="-65.854095" m_ty="-107.678993"/>
  </frame>
  <frame idx="650" w="147" h="190" x="1.145905" y="-43.678986">
   <element name="chips" layername="chips-2" frame="2" z_index="3" m_a="1.000000" m_b="0.000000" m_c="0.000000" m_d="1.000000" m_tx="-65.854095" m_ty="-107.678993"/>
  </frame>
  <frame idx="675" w="147" h="190" x="1.145905" y="-43.678986">
   <element name="chips" layername="chips-2" frame="2" z_index="3" m_a="1.000000" m_b="0.000000" m_c="0.000000" m_d="1.000000" m_tx="-65.854095" m_ty="-107.678993"/>
  </frame>
  <frame idx="700" w="147" h="190" x="1.145905" y="-43.678986">
   <element name="chips" layername="chips-2" frame="2" z_index="3" m_a="1.000000" m_b="0.000000" m_c="0.000000" m_d="1.000000" m_tx="-65.854095" m_ty="-107.678993"/>
  </frame>
  <frame idx="725" w="147" h="190" x="1.145905" y="-43.678986">
   <element name="chips" layername="chips-2" frame="2" z_index="3" m_a="1.000000" m_b="0.000000" m_c="0.000000" m_d="1.000000" m_tx="-65.854095" m_ty="-107.678993"/>
  </frame>
  <frame idx="750" w="147" h="190" x="1.145905" y="-43.678986">
   <element name="chips" layername="chips-2" frame="2" z_index="3" m_a="1.000000" m_b="0.000000" m_c="0.000000" m_d="1.000000" m_tx="-65.854095" m_ty="-107.678993"/>
  </frame>
  <frame idx="775" w="147" h="190" x="1.145905" y="-43.678986">
   <element name="chips" layername="chips-2" frame="2" z_index="3" m_a="1.000000" m_b="0.000000" m_c="0.000000" m_d="1.000000" m_tx="-65.854095" m_ty="-107.678993"/>
  </frame>
  <frame idx="800" w="147" h="190" x="1.145905" y="-43.678986">
   <element name="chips" layername="chips-2" frame="2" z_index="3" m_a="1.000000" m_b="0.000000" m_c="0.000000" m_d="1.000000" m_tx="-65.854095" m_ty="-107.678993"/>
  </frame>
  <frame idx="825" w="147" h="190" x="1.145905" y="-43.678986">
   <element name="chips" layername="chips-2" frame="2" z_index="3" m_a="1.000000" m_b="0.000000" m_c="0.000000" m_d="1.000000" m_tx="-65.854095" m_ty="-107.678993"/>
  </frame>
  <frame idx="850" w="147" h="190" x="1.145905" y="-43.678986">
   <element name="chips" layername="chips-2" frame="2" z_index="3" m_a="1.000000" m_b="0.000000" m_c="0.000000" m_d="1.000000" m_tx="-65.854095" m_ty="-107.678993"/>
  </frame>
  <frame idx="875" w="147" h="190" x="1.145905" y="-43.678986">
   <element name="chips" layername="chips-2" frame="2" z_index="3" m_a="1.000000" m_b="0.000000" m_c="0.000000" m_d="1.000000" m_tx="-65.854095" m_ty="-107.678993"/>
  </frame>
  <frame idx="900" w="147" h="190" x="1.145905" y="-43.678986">
   <element name="chips" layername="chips-2" frame="2" z_index="3" m_a="1.000000" m_b="0.000000" m_c="0.000000" m_d="1.000000" m_tx="-65.854095" m_ty="-107.678993"/>
  </frame>
  <frame idx="925" w="147" h="190" x="1.145905" y="-43.678986">
   <element name="chips" layername="chips-2" frame="2" z_index="3" m_a="1.000000" m_b="0.000000" m_c="0.000000" m_d="1.000000" m_tx="-65.854095" m_ty="-107.678993"/>
  </frame>
  <frame idx="950" w="147" h="190" x="1.145905" y="-43.678986">
   <element name="chips" layername="chips-2" frame="2" z_index="3" m_a="1.000000" m_b="0.000000" m_c="0.000000" m_d="1.000000" m_tx="-65.854095" m_ty="-107.678993"/>
  </frame>
  <frame idx="975" w="147" h="190" x="1.145905" y="-43.678986">
   <element name="chips" layername="chips-2" frame="2" z_index="3" m_a="1.000000" m_b="0.000000" m_c="0.000000" m_d="1.000000" m_tx="-65.854095" m_ty="-107.678993"/>
  </frame>
 </anim>
 <anim name="charm_thorn" root="chips" numframes="1000" framerate="40">
  <frame idx="0" w="149" h="182" x="1.000000" y="-37.000000">
   <element name="chips" layername="chips" frame="1" z_index="3" m_a="1.000000" m_b="0.000000" m_c="0.000000" m_d="1.000000" m_tx="-67.000000" m_ty="-101.000000"/>
  </frame>
  <frame idx="25" w="149" h="182" x="1.000000" y="-37.000000">
   <element name="chips" layername="chips" frame="1" z_index="3" m_a="1.000000" m_b="0.000000" m_c="0.000000" m_d="1.000000" m_tx="-67.000000" m_ty="-101.000000"/>
  </frame>
  <frame idx="50" w="149" h="182" x="1.000000" y="-37.000000">
   <element name="chips" layername="chips" frame="1" z_index="3" m_a="1.000000" m_b="0.000000" m_c="0.000000" m_d="1.000000" m_tx="-67.000000" m_ty="-101.000000"/>
  </frame>
  <frame idx="75" w="149" h="182" x="1.000000" y="-37.000000">
   <element name="chips" layername="chips" frame="1" z_index="3" m_a="1.000000" m_b="0.000000" m_c="0.000000" m_d="1.000000" m_tx="-67.000000" m_ty="-101.000000"/>
  </frame>
  <frame idx="100" w="149" h="182" x="1.000000" y="-37.000000">
   <element name="chips" layername="chips" frame="1" z_index="3" m_a="1.000000" m_b="0.000000" m_c="0.000000" m_d="1.000000" m_tx="-67.000000" m_ty="-101.000000"/>
  </frame>
  <frame idx="125" w="149" h="182" x="1.000000" y="-37.000000">
   <element name="chips" layername="chips" frame="1" z_index="3" m_a="1.000000" m_b="0.000000" m_c="0.000000" m_d="1.000000" m_tx="-67.000000" m_ty="-101.000000"/>
  </frame>
  <frame idx="150" w="149" h="182" x="1.000000" y="-37.000000">
   <element name="chips" layername="chips" frame="1" z_index="3" m_a="1.000000" m_b="0.000000" m_c="0.000000" m_d="1.000000" m_tx="-67.000000" m_ty="-101.000000"/>
  </frame>
  <frame idx="175" w="149" h="182" x="1.000000" y="-37.000000">
   <element name="chips" layername="chips" frame="1" z_index="3" m_a="1.000000" m_b="0.000000" m_c="0.000000" m_d="1.000000" m_tx="-67.000000" m_ty="-101.000000"/>
  </frame>
  <frame idx="200" w="149" h="182" x="1.000000" y="-37.000000">
   <element name="chips" layername="chips" frame="1" z_index="3" m_a="1.000000" m_b="0.000000" m_c="0.000000" m_d="1.000000" m_tx="-67.000000" m_ty="-101.000000"/>
  </frame>
  <frame idx="225" w="149" h="182" x="1.000000" y="-37.000000">
   <element name="chips" layername="chips" frame="1" z_index="3" m_a="1.000000" m_b="0.000000" m_c="0.000000" m_d="1.000000" m_tx="-67.000000" m_ty="-101.000000"/>
  </frame>
  <frame idx="250" w="149" h="182" x="1.000000" y="-37.000000">
   <element name="chips" layername="chips" frame="1" z_index="3" m_a="1.000000" m_b="0.000000" m_c="0.000000" m_d="1.000000" m_tx="-67.000000" m_ty="-101.000000"/>
  </frame>
  <frame idx="275" w="149" h="182" x="1.000000" y="-37.000000">
   <element name="chips" layername="chips" frame="1" z_index="3" m_a="1.000000" m_b="0.000000" m_c="0.000000" m_d="1.000000" m_tx="-67.000000" m_ty="-101.000000"/>
  </frame>
  <frame idx="300" w="149" h="182" x="1.000000" y="-37.000000">
   <element name="chips" layername="chips" frame="1" z_index="3" m_a="1.000000" m_b="0.000000" m_c="0.000000" m_d="1.000000" m_tx="-67.000000" m_ty="-101.000000"/>
  </frame>
  <frame idx="325" w="149" h="182" x="1.000000" y="-37.000000">
   <element name="chips" layername="chips" frame="1" z_index="3" m_a="1.000000" m_b="0.000000" m_c="0.000000" m_d="1.000000" m_tx="-67.000000" m_ty="-101.000000"/>
  </frame>
  <frame idx="350" w="149" h="182" x="1.000000" y="-37.000000">
   <element name="chips" layername="chips" frame="1" z_index="3" m_a="1.000000" m_b="0.000000" m_c="0.000000" m_d="1.000000" m_tx="-67.000000" m_ty="-101.000000"/>
  </frame>
  <frame idx="375" w="149" h="182" x="1.000000" y="-37.000000">
   <element name="chips" layername="chips" frame="1" z_index="3" m_a="1.000000" m_b="0.000000" m_c="0.000000" m_d="1.000000" m_tx="-67.000000" m_ty="-101.000000"/>
  </frame>
  <frame idx="400" w="149" h="182" x="1.000000" y="-37.000000">
   <element name="chips" layername="chips" frame="1" z_index="3" m_a="1.000000" m_b="0.000000" m_c="0.000000" m_d="1.000000" m_tx="-67.000000" m_ty="-101.000000"/>
  </frame>
  <frame idx="425" w="149" h="182" x="1.000000" y="-37.000000">
   <element name="chips" layername="chips" frame="1" z_index="3" m_a="1.000000" m_b="0.000000" m_c="0.000000" m_d="1.000000" m_tx="-67.000000" m_ty="-101.000000"/>
  </frame>
  <frame idx="450" w="149" h="182" x="1.000000" y="-37.000000">
   <element name="chips" layername="chips" frame="1" z_index="3" m_a="1.000000" m_b="0.000000" m_c="0.000000" m_d="1.000000" m_tx="-67.000000" m_ty="-101.000000"/>
  </frame>
  <frame idx="475" w="149" h="182" x="1.000000" y="-37.000000">
   <element name="chips" layername="chips" frame="1" z_index="3" m_a="1.000000" m_b="0.000000" m_c="0.000000" m_d="1.000000" m_tx="-67.000000" m_ty="-101.000000"/>
  </frame>
  <frame idx="500" w="149" h="182" x="1.000000" y="-37.000000">
   <element name="chips" layername="chips" frame="1" z_index="3" m_a="1.000000" m_b="0.000000" m_c="0.000000" m_d="1.000000" m_tx="-67.000000" m_ty="-101.000000"/>
  </frame>
  <frame idx="525" w="149" h="182" x="1.000000" y="-37.000000">
   <element name="chips" layername="chips" frame="1" z_index="3" m_a="1.000000" m_b="0.000000" m_c="0.000000" m_d="1.000000" m_tx="-67.000000" m_ty="-101.000000"/>
  </frame>
  <frame idx="550" w="149" h="182" x="1.000000" y="-37.000000">
   <element name="chips" layername="chips" frame="1" z_index="3" m_a="1.000000" m_b="0.000000" m_c="0.000000" m_d="1.000000" m_tx="-67.000000" m_ty="-101.000000"/>
  </frame>
  <frame idx="575" w="149" h="182" x="1.000000" y="-37.000000">
   <element name="chips" layername="chips" frame="1" z_index="3" m_a="1.000000" m_b="0.000000" m_c="0.000000" m_d="1.000000" m_tx="-67.000000" m_ty="-101.000000"/>
  </frame>
  <frame idx="600" w="149" h="182" x="1.000000" y="-37.000000">
   <element name="chips" layername="chips" frame="1" z_index="3" m_a="1.000000" m_b="0.000000" m_c="0.000000" m_d="1.000000" m_tx="-67.000000" m_ty="-101.000000"/>
  </frame>
  <frame idx="625" w="149" h="182" x="1.000000" y="-37.000000">
   <element name="chips" layername="chips" frame="1" z_index="3" m_a="1.000000" m_b="0.000000" m_c="0.000000" m_d="1.000000" m_tx="-67.000000" m_ty="-101.000000"/>
  </frame>
  <frame idx="650" w="149" h="182" x="1.000000" y="-37.000000">
   <element name="chips" layername="chips" frame="1" z_index="3" m_a="1.000000" m_b="0.000000" m_c="0.000000" m_d="1.000000" m_tx="-67.000000" m_ty="-101.000000"/>
  </frame>
  <frame idx="675" w="149" h="182" x="1.000000" y="-37.000000">
   <element name="chips" layername="chips" frame="1" z_index="3" m_a="1.000000" m_b="0.000000" m_c="0.000000" m_d="1.000000" m_tx="-67.000000" m_ty="-101.000000"/>
  </frame>
  <frame idx="700" w="149" h="182" x="1.000000" y="-37.000000">
   <element name="chips" layername="chips" frame="1" z_index="3" m_a="1.000000" m_b="0.000000" m_c="0.000000" m_d="1.000000" m_tx="-67.000000" m_ty="-101.000000"/>
  </frame>
  <frame idx="725" w="149" h="182" x="1.000000" y="-37.000000">
   <element name="chips" layername="chips" frame="1" z_index="3" m_a="1.000000" m_b="0.000000" m_c="0.000000" m_d="1.000000" m_tx="-67.000000" m_ty="-101.000000"/>
  </frame>
  <frame idx="750" w="149" h="182" x="1.000000" y="-37.000000">
   <element name="chips" layername="chips" frame="1" z_index="3" m_a="1.000000" m_b="0.000000" m_c="0.000000" m_d="1.000000" m_tx="-67.000000" m_ty="-101.000000"/>
  </frame>
  <frame idx="775" w="149" h="182" x="1.000000" y="-37.000000">
   <element name="chips" layername="chips" frame="1" z_index="3" m_a="1.000000" m_b="0.000000" m_c="0.000000" m_d="1.000000" m_tx="-67.000000" m_ty="-101.000000"/>
  </frame>
  <frame idx="800" w="149" h="182" x="1.000000" y="-37.000000">
   <element name="chips" layername="chips" frame="1" z_index="3" m_a="1.000000" m_b="0.000000" m_c="0.000000" m_d="1.000000" m_tx="-67.000000" m_ty="-101.000000"/>
  </frame>
  <frame idx="825" w="149" h="182" x="1.000000" y="-37.000000">
   <element name="chips" layername="chips" frame="1" z_index="3" m_a="1.000000" m_b="0.000000" m_c="0.000000" m_d="1.000000" m_tx="-67.000000" m_ty="-101.000000"/>
  </frame>
  <frame idx="850" w="149" h="182" x="1.000000" y="-37.000000">
   <element name="chips" layername="chips" frame="1" z_index="3" m_a="1.000000" m_b="0.000000" m_c="0.000000" m_d="1.000000" m_tx="-67.000000" m_ty="-101.000000"/>
  </frame>
  <frame idx="875" w="149" h="182" x="1.000000" y="-37.000000">
   <element name="chips" layername="chips" frame="1" z_index="3" m_a="1.000000" m_b="0.000000" m_c="0.000000" m_d="1.000000" m_tx="-67.000000" m_ty="-101.000000"/>
  </frame>
  <frame idx="900" w="149" h="182" x="1.000000" y="-37.000000">
   <element name="chips" layername="chips" frame="1" z_index="3" m_a="1.000000" m_b="0.000000" m_c="0.000000" m_d="1.000000" m_tx="-67.000000" m_ty="-101.000000"/>
  </frame>
  <frame idx="925" w="149" h="182" x="1.000000" y="-37.000000">
   <element name="chips" layername="chips" frame="1" z_index="3" m_a="1.000000" m_b="0.000000" m_c="0.000000" m_d="1.000000" m_tx="-67.000000" m_ty="-101.000000"/>
  </frame>
  <frame idx="950" w="149" h="182" x="1.000000" y="-37.000000">
   <element name="chips" layername="chips" frame="1" z_index="3" m_a="1.000000" m_b="0.000000" m_c="0.000000" m_d="1.000000" m_tx="-67.000000" m_ty="-101.000000"/>
  </frame>
  <frame idx="975" w="149" h="182" x="1.000000" y="-37.000000">
   <element name="chips" layername="chips" frame="1" z_index="3" m_a="1.000000" m_b="0.000000" m_c="0.000000" m_d="1.000000" m_tx="-67.000000" m_ty="-101.000000"/>
  </frame>
 </anim>
</Anims>
