<Anims>
 <anim name="111" root="status_wx" numframes="1000" framerate="40">
  <frame idx="0" w="387" h="598" x="230.807404" y="-45.918793">
   <element name="charm_bee_chip" layername="charm_thorn_chip" frame="0" z_index="4" m_a="1.000000" m_b="0.000000" m_c="0.000000" m_d="1.000000" m_tx="278.000000" m_ty="31.000000"/>
   <element name="charm_bee_chip" layername="charm_thorn_chip" frame="1" z_index="5" m_a="1.000000" m_b="0.000000" m_c="0.000000" m_d="1.000000" m_tx="321.000000" m_ty="-107.000000"/>
   <element name="charm_bee_chip" layername="charm_thorn_chip_2" frame="2" z_index="6" m_a="1.000000" m_b="0.000000" m_c="0.000000" m_d="1.000000" m_tx="86.000000" m_ty="-199.000000"/>
   <element name="charm_thorn_chip" layername="charm_thorn_chip" frame="0" z_index="3" m_a="1.000000" m_b="0.000000" m_c="0.000000" m_d="1.000000" m_tx="498.000000" m_ty="-231.000000"/>
   <element name="charm_thorn_chip" layername="charm_thorn_chip" frame="1" z_index="2" m_a="1.000000" m_b="0.000000" m_c="0.000000" m_d="1.000000" m_tx="488.000000" m_ty="-64.000000"/>
   <element name="charm_thorn_chip" layername="charm_thorn_chip-2" frame="2" z_index="1" m_a="1.000000" m_b="0.000000" m_c="0.000000" m_d="1.000000" m_tx="425.000000" m_ty="128.000000"/>
  </frame>
  <frame idx="25" w="387" h="598" x="230.807404" y="-45.918793">
   <element name="charm_bee_chip" layername="charm_thorn_chip" frame="0" z_index="4" m_a="1.000000" m_b="0.000000" m_c="0.000000" m_d="1.000000" m_tx="278.000000" m_ty="31.000000"/>
   <element name="charm_bee_chip" layername="charm_thorn_chip" frame="1" z_index="5" m_a="1.000000" m_b="0.000000" m_c="0.000000" m_d="1.000000" m_tx="321.000000" m_ty="-107.000000"/>
   <element name="charm_bee_chip" layername="charm_thorn_chip_2" frame="2" z_index="6" m_a="1.000000" m_b="0.000000" m_c="0.000000" m_d="1.000000" m_tx="86.000000" m_ty="-199.000000"/>
   <element name="charm_thorn_chip" layername="charm_thorn_chip" frame="0" z_index="6" m_a="1.000000" m_b="0.000000" m_c="0.000000" m_d="1.000000" m_tx="498.000000" m_ty="-231.000000"/>
   <element name="charm_thorn_chip" layername="charm_thorn_chip" frame="1" z_index="6" m_a="1.000000" m_b="0.000000" m_c="0.000000" m_d="1.000000" m_tx="488.000000" m_ty="-64.000000"/>
   <element name="charm_thorn_chip" layername="charm_thorn_chip-2" frame="2" z_index="6" m_a="1.000000" m_b="0.000000" m_c="0.000000" m_d="1.000000" m_tx="425.000000" m_ty="128.000000"/>
  </frame>
  <frame idx="50" w="387" h="598" x="230.807404" y="-45.918793">
   <element name="charm_bee_chip" layername="charm_thorn_chip" frame="0" z_index="4" m_a="1.000000" m_b="0.000000" m_c="0.000000" m_d="1.000000" m_tx="278.000000" m_ty="31.000000"/>
   <element name="charm_bee_chip" layername="charm_thorn_chip" frame="1" z_index="5" m_a="1.000000" m_b="0.000000" m_c="0.000000" m_d="1.000000" m_tx="321.000000" m_ty="-107.000000"/>
   <element name="charm_bee_chip" layername="charm_thorn_chip_2" frame="2" z_index="6" m_a="1.000000" m_b="0.000000" m_c="0.000000" m_d="1.000000" m_tx="86.000000" m_ty="-199.000000"/>
   <element name="charm_thorn_chip" layername="charm_thorn_chip" frame="0" z_index="6" m_a="1.000000" m_b="0.000000" m_c="0.000000" m_d="1.000000" m_tx="498.000000" m_ty="-231.000000"/>
   <element name="charm_thorn_chip" layername="charm_thorn_chip" frame="1" z_index="6" m_a="1.000000" m_b="0.000000" m_c="0.000000" m_d="1.000000" m_tx="488.000000" m_ty="-64.000000"/>
   <element name="charm_thorn_chip" layername="charm_thorn_chip-2" frame="2" z_index="6" m_a="1.000000" m_b="0.000000" m_c="0.000000" m_d="1.000000" m_tx="425.000000" m_ty="128.000000"/>
  </frame>
  <frame idx="75" w="387" h="598" x="230.807404" y="-45.918793">
   <element name="charm_bee_chip" layername="charm_thorn_chip" frame="0" z_index="4" m_a="1.000000" m_b="0.000000" m_c="0.000000" m_d="1.000000" m_tx="278.000000" m_ty="31.000000"/>
   <element name="charm_bee_chip" layername="charm_thorn_chip" frame="1" z_index="5" m_a="1.000000" m_b="0.000000" m_c="0.000000" m_d="1.000000" m_tx="321.000000" m_ty="-107.000000"/>
   <element name="charm_bee_chip" layername="charm_thorn_chip_2" frame="2" z_index="6" m_a="1.000000" m_b="0.000000" m_c="0.000000" m_d="1.000000" m_tx="86.000000" m_ty="-199.000000"/>
   <element name="charm_thorn_chip" layername="charm_thorn_chip" frame="0" z_index="6" m_a="1.000000" m_b="0.000000" m_c="0.000000" m_d="1.000000" m_tx="498.000000" m_ty="-231.000000"/>
   <element name="charm_thorn_chip" layername="charm_thorn_chip" frame="1" z_index="6" m_a="1.000000" m_b="0.000000" m_c="0.000000" m_d="1.000000" m_tx="488.000000" m_ty="-64.000000"/>
   <element name="charm_thorn_chip" layername="charm_thorn_chip-2" frame="2" z_index="6" m_a="1.000000" m_b="0.000000" m_c="0.000000" m_d="1.000000" m_tx="425.000000" m_ty="128.000000"/>
  </frame>
  <frame idx="100" w="387" h="598" x="230.807404" y="-45.918793">
   <element name="charm_bee_chip" layername="charm_thorn_chip" frame="0" z_index="4" m_a="1.000000" m_b="0.000000" m_c="0.000000" m_d="1.000000" m_tx="278.000000" m_ty="31.000000"/>
   <element name="charm_bee_chip" layername="charm_thorn_chip" frame="1" z_index="5" m_a="1.000000" m_b="0.000000" m_c="0.000000" m_d="1.000000" m_tx="321.000000" m_ty="-107.000000"/>
   <element name="charm_bee_chip" layername="charm_thorn_chip_2" frame="2" z_index="6" m_a="1.000000" m_b="0.000000" m_c="0.000000" m_d="1.000000" m_tx="86.000000" m_ty="-199.000000"/>
   <element name="charm_thorn_chip" layername="charm_thorn_chip" frame="0" z_index="6" m_a="1.000000" m_b="0.000000" m_c="0.000000" m_d="1.000000" m_tx="498.000000" m_ty="-231.000000"/>
   <element name="charm_thorn_chip" layername="charm_thorn_chip" frame="1" z_index="6" m_a="1.000000" m_b="0.000000" m_c="0.000000" m_d="1.000000" m_tx="488.000000" m_ty="-64.000000"/>
   <element name="charm_thorn_chip" layername="charm_thorn_chip-2" frame="2" z_index="6" m_a="1.000000" m_b="0.000000" m_c="0.000000" m_d="1.000000" m_tx="425.000000" m_ty="128.000000"/>
  </frame>
  <frame idx="125" w="387" h="598" x="230.807404" y="-45.918793">
   <element name="charm_bee_chip" layername="charm_thorn_chip" frame="0" z_index="4" m_a="1.000000" m_b="0.000000" m_c="0.000000" m_d="1.000000" m_tx="278.000000" m_ty="31.000000"/>
   <element name="charm_bee_chip" layername="charm_thorn_chip" frame="1" z_index="5" m_a="1.000000" m_b="0.000000" m_c="0.000000" m_d="1.000000" m_tx="321.000000" m_ty="-107.000000"/>
   <element name="charm_bee_chip" layername="charm_thorn_chip_2" frame="2" z_index="6" m_a="1.000000" m_b="0.000000" m_c="0.000000" m_d="1.000000" m_tx="86.000000" m_ty="-199.000000"/>
   <element name="charm_thorn_chip" layername="charm_thorn_chip" frame="0" z_index="6" m_a="1.000000" m_b="0.000000" m_c="0.000000" m_d="1.000000" m_tx="498.000000" m_ty="-231.000000"/>
   <element name="charm_thorn_chip" layername="charm_thorn_chip" frame="1" z_index="6" m_a="1.000000" m_b="0.000000" m_c="0.000000" m_d="1.000000" m_tx="488.000000" m_ty="-64.000000"/>
   <element name="charm_thorn_chip" layername="charm_thorn_chip-2" frame="2" z_index="6" m_a="1.000000" m_b="0.000000" m_c="0.000000" m_d="1.000000" m_tx="425.000000" m_ty="128.000000"/>
  </frame>
  <frame idx="150" w="387" h="598" x="230.807404" y="-45.918793">
   <element name="charm_bee_chip" layername="charm_thorn_chip" frame="0" z_index="4" m_a="1.000000" m_b="0.000000" m_c="0.000000" m_d="1.000000" m_tx="278.000000" m_ty="31.000000"/>
   <element name="charm_bee_chip" layername="charm_thorn_chip" frame="1" z_index="5" m_a="1.000000" m_b="0.000000" m_c="0.000000" m_d="1.000000" m_tx="321.000000" m_ty="-107.000000"/>
   <element name="charm_bee_chip" layername="charm_thorn_chip_2" frame="2" z_index="6" m_a="1.000000" m_b="0.000000" m_c="0.000000" m_d="1.000000" m_tx="86.000000" m_ty="-199.000000"/>
   <element name="charm_thorn_chip" layername="charm_thorn_chip" frame="0" z_index="6" m_a="1.000000" m_b="0.000000" m_c="0.000000" m_d="1.000000" m_tx="498.000000" m_ty="-231.000000"/>
   <element name="charm_thorn_chip" layername="charm_thorn_chip" frame="1" z_index="6" m_a="1.000000" m_b="0.000000" m_c="0.000000" m_d="1.000000" m_tx="488.000000" m_ty="-64.000000"/>
   <element name="charm_thorn_chip" layername="charm_thorn_chip-2" frame="2" z_index="6" m_a="1.000000" m_b="0.000000" m_c="0.000000" m_d="1.000000" m_tx="425.000000" m_ty="128.000000"/>
  </frame>
  <frame idx="175" w="387" h="598" x="230.807404" y="-45.918793">
   <element name="charm_bee_chip" layername="charm_thorn_chip" frame="0" z_index="4" m_a="1.000000" m_b="0.000000" m_c="0.000000" m_d="1.000000" m_tx="278.000000" m_ty="31.000000"/>
   <element name="charm_bee_chip" layername="charm_thorn_chip" frame="1" z_index="5" m_a="1.000000" m_b="0.000000" m_c="0.000000" m_d="1.000000" m_tx="321.000000" m_ty="-107.000000"/>
   <element name="charm_bee_chip" layername="charm_thorn_chip_2" frame="2" z_index="6" m_a="1.000000" m_b="0.000000" m_c="0.000000" m_d="1.000000" m_tx="86.000000" m_ty="-199.000000"/>
   <element name="charm_thorn_chip" layername="charm_thorn_chip" frame="0" z_index="6" m_a="1.000000" m_b="0.000000" m_c="0.000000" m_d="1.000000" m_tx="498.000000" m_ty="-231.000000"/>
   <element name="charm_thorn_chip" layername="charm_thorn_chip" frame="1" z_index="6" m_a="1.000000" m_b="0.000000" m_c="0.000000" m_d="1.000000" m_tx="488.000000" m_ty="-64.000000"/>
   <element name="charm_thorn_chip" layername="charm_thorn_chip-2" frame="2" z_index="6" m_a="1.000000" m_b="0.000000" m_c="0.000000" m_d="1.000000" m_tx="425.000000" m_ty="128.000000"/>
  </frame>
  <frame idx="200" w="387" h="598" x="230.807404" y="-45.918793">
   <element name="charm_bee_chip" layername="charm_thorn_chip" frame="0" z_index="4" m_a="1.000000" m_b="0.000000" m_c="0.000000" m_d="1.000000" m_tx="278.000000" m_ty="31.000000"/>
   <element name="charm_bee_chip" layername="charm_thorn_chip" frame="1" z_index="5" m_a="1.000000" m_b="0.000000" m_c="0.000000" m_d="1.000000" m_tx="321.000000" m_ty="-107.000000"/>
   <element name="charm_bee_chip" layername="charm_thorn_chip_2" frame="2" z_index="6" m_a="1.000000" m_b="0.000000" m_c="0.000000" m_d="1.000000" m_tx="86.000000" m_ty="-199.000000"/>
   <element name="charm_thorn_chip" layername="charm_thorn_chip" frame="0" z_index="6" m_a="1.000000" m_b="0.000000" m_c="0.000000" m_d="1.000000" m_tx="498.000000" m_ty="-231.000000"/>
   <element name="charm_thorn_chip" layername="charm_thorn_chip" frame="1" z_index="6" m_a="1.000000" m_b="0.000000" m_c="0.000000" m_d="1.000000" m_tx="488.000000" m_ty="-64.000000"/>
   <element name="charm_thorn_chip" layername="charm_thorn_chip-2" frame="2" z_index="6" m_a="1.000000" m_b="0.000000" m_c="0.000000" m_d="1.000000" m_tx="425.000000" m_ty="128.000000"/>
  </frame>
  <frame idx="225" w="387" h="598" x="230.807404" y="-45.918793">
   <element name="charm_bee_chip" layername="charm_thorn_chip" frame="0" z_index="4" m_a="1.000000" m_b="0.000000" m_c="0.000000" m_d="1.000000" m_tx="278.000000" m_ty="31.000000"/>
   <element name="charm_bee_chip" layername="charm_thorn_chip" frame="1" z_index="5" m_a="1.000000" m_b="0.000000" m_c="0.000000" m_d="1.000000" m_tx="321.000000" m_ty="-107.000000"/>
   <element name="charm_bee_chip" layername="charm_thorn_chip_2" frame="2" z_index="6" m_a="1.000000" m_b="0.000000" m_c="0.000000" m_d="1.000000" m_tx="86.000000" m_ty="-199.000000"/>
   <element name="charm_thorn_chip" layername="charm_thorn_chip" frame="0" z_index="6" m_a="1.000000" m_b="0.000000" m_c="0.000000" m_d="1.000000" m_tx="498.000000" m_ty="-231.000000"/>
   <element name="charm_thorn_chip" layername="charm_thorn_chip" frame="1" z_index="6" m_a="1.000000" m_b="0.000000" m_c="0.000000" m_d="1.000000" m_tx="488.000000" m_ty="-64.000000"/>
   <element name="charm_thorn_chip" layername="charm_thorn_chip-2" frame="2" z_index="6" m_a="1.000000" m_b="0.000000" m_c="0.000000" m_d="1.000000" m_tx="425.000000" m_ty="128.000000"/>
  </frame>
  <frame idx="250" w="387" h="598" x="230.807404" y="-45.918793">
   <element name="charm_bee_chip" layername="charm_thorn_chip" frame="0" z_index="4" m_a="1.000000" m_b="0.000000" m_c="0.000000" m_d="1.000000" m_tx="278.000000" m_ty="31.000000"/>
   <element name="charm_bee_chip" layername="charm_thorn_chip" frame="1" z_index="5" m_a="1.000000" m_b="0.000000" m_c="0.000000" m_d="1.000000" m_tx="321.000000" m_ty="-107.000000"/>
   <element name="charm_bee_chip" layername="charm_thorn_chip_2" frame="2" z_index="6" m_a="1.000000" m_b="0.000000" m_c="0.000000" m_d="1.000000" m_tx="86.000000" m_ty="-199.000000"/>
   <element name="charm_thorn_chip" layername="charm_thorn_chip" frame="0" z_index="6" m_a="1.000000" m_b="0.000000" m_c="0.000000" m_d="1.000000" m_tx="498.000000" m_ty="-231.000000"/>
   <element name="charm_thorn_chip" layername="charm_thorn_chip" frame="1" z_index="6" m_a="1.000000" m_b="0.000000" m_c="0.000000" m_d="1.000000" m_tx="488.000000" m_ty="-64.000000"/>
   <element name="charm_thorn_chip" layername="charm_thorn_chip-2" frame="2" z_index="6" m_a="1.000000" m_b="0.000000" m_c="0.000000" m_d="1.000000" m_tx="425.000000" m_ty="128.000000"/>
  </frame>
  <frame idx="275" w="387" h="598" x="230.807404" y="-45.918793">
   <element name="charm_bee_chip" layername="charm_thorn_chip" frame="0" z_index="4" m_a="1.000000" m_b="0.000000" m_c="0.000000" m_d="1.000000" m_tx="278.000000" m_ty="31.000000"/>
   <element name="charm_bee_chip" layername="charm_thorn_chip" frame="1" z_index="5" m_a="1.000000" m_b="0.000000" m_c="0.000000" m_d="1.000000" m_tx="321.000000" m_ty="-107.000000"/>
   <element name="charm_bee_chip" layername="charm_thorn_chip_2" frame="2" z_index="6" m_a="1.000000" m_b="0.000000" m_c="0.000000" m_d="1.000000" m_tx="86.000000" m_ty="-199.000000"/>
   <element name="charm_thorn_chip" layername="charm_thorn_chip" frame="0" z_index="6" m_a="1.000000" m_b="0.000000" m_c="0.000000" m_d="1.000000" m_tx="498.000000" m_ty="-231.000000"/>
   <element name="charm_thorn_chip" layername="charm_thorn_chip" frame="1" z_index="6" m_a="1.000000" m_b="0.000000" m_c="0.000000" m_d="1.000000" m_tx="488.000000" m_ty="-64.000000"/>
   <element name="charm_thorn_chip" layername="charm_thorn_chip-2" frame="2" z_index="6" m_a="1.000000" m_b="0.000000" m_c="0.000000" m_d="1.000000" m_tx="425.000000" m_ty="128.000000"/>
  </frame>
  <frame idx="300" w="387" h="598" x="230.807404" y="-45.918793">
   <element name="charm_bee_chip" layername="charm_thorn_chip" frame="0" z_index="4" m_a="1.000000" m_b="0.000000" m_c="0.000000" m_d="1.000000" m_tx="278.000000" m_ty="31.000000"/>
   <element name="charm_bee_chip" layername="charm_thorn_chip" frame="1" z_index="5" m_a="1.000000" m_b="0.000000" m_c="0.000000" m_d="1.000000" m_tx="321.000000" m_ty="-107.000000"/>
   <element name="charm_bee_chip" layername="charm_thorn_chip_2" frame="2" z_index="6" m_a="1.000000" m_b="0.000000" m_c="0.000000" m_d="1.000000" m_tx="86.000000" m_ty="-199.000000"/>
   <element name="charm_thorn_chip" layername="charm_thorn_chip" frame="0" z_index="6" m_a="1.000000" m_b="0.000000" m_c="0.000000" m_d="1.000000" m_tx="498.000000" m_ty="-231.000000"/>
   <element name="charm_thorn_chip" layername="charm_thorn_chip" frame="1" z_index="6" m_a="1.000000" m_b="0.000000" m_c="0.000000" m_d="1.000000" m_tx="488.000000" m_ty="-64.000000"/>
   <element name="charm_thorn_chip" layername="charm_thorn_chip-2" frame="2" z_index="6" m_a="1.000000" m_b="0.000000" m_c="0.000000" m_d="1.000000" m_tx="425.000000" m_ty="128.000000"/>
  </frame>
  <frame idx="325" w="387" h="598" x="230.807404" y="-45.918793">
   <element name="charm_bee_chip" layername="charm_thorn_chip" frame="0" z_index="4" m_a="1.000000" m_b="0.000000" m_c="0.000000" m_d="1.000000" m_tx="278.000000" m_ty="31.000000"/>
   <element name="charm_bee_chip" layername="charm_thorn_chip" frame="1" z_index="5" m_a="1.000000" m_b="0.000000" m_c="0.000000" m_d="1.000000" m_tx="321.000000" m_ty="-107.000000"/>
   <element name="charm_bee_chip" layername="charm_thorn_chip_2" frame="2" z_index="6" m_a="1.000000" m_b="0.000000" m_c="0.000000" m_d="1.000000" m_tx="86.000000" m_ty="-199.000000"/>
   <element name="charm_thorn_chip" layername="charm_thorn_chip" frame="0" z_index="6" m_a="1.000000" m_b="0.000000" m_c="0.000000" m_d="1.000000" m_tx="498.000000" m_ty="-231.000000"/>
   <element name="charm_thorn_chip" layername="charm_thorn_chip" frame="1" z_index="6" m_a="1.000000" m_b="0.000000" m_c="0.000000" m_d="1.000000" m_tx="488.000000" m_ty="-64.000000"/>
   <element name="charm_thorn_chip" layername="charm_thorn_chip-2" frame="2" z_index="6" m_a="1.000000" m_b="0.000000" m_c="0.000000" m_d="1.000000" m_tx="425.000000" m_ty="128.000000"/>
  </frame>
  <frame idx="350" w="387" h="598" x="230.807404" y="-45.918793">
   <element name="charm_bee_chip" layername="charm_thorn_chip" frame="0" z_index="4" m_a="1.000000" m_b="0.000000" m_c="0.000000" m_d="1.000000" m_tx="278.000000" m_ty="31.000000"/>
   <element name="charm_bee_chip" layername="charm_thorn_chip" frame="1" z_index="5" m_a="1.000000" m_b="0.000000" m_c="0.000000" m_d="1.000000" m_tx="321.000000" m_ty="-107.000000"/>
   <element name="charm_bee_chip" layername="charm_thorn_chip_2" frame="2" z_index="6" m_a="1.000000" m_b="0.000000" m_c="0.000000" m_d="1.000000" m_tx="86.000000" m_ty="-199.000000"/>
   <element name="charm_thorn_chip" layername="charm_thorn_chip" frame="0" z_index="6" m_a="1.000000" m_b="0.000000" m_c="0.000000" m_d="1.000000" m_tx="498.000000" m_ty="-231.000000"/>
   <element name="charm_thorn_chip" layername="charm_thorn_chip" frame="1" z_index="6" m_a="1.000000" m_b="0.000000" m_c="0.000000" m_d="1.000000" m_tx="488.000000" m_ty="-64.000000"/>
   <element name="charm_thorn_chip" layername="charm_thorn_chip-2" frame="2" z_index="6" m_a="1.000000" m_b="0.000000" m_c="0.000000" m_d="1.000000" m_tx="425.000000" m_ty="128.000000"/>
  </frame>
  <frame idx="375" w="387" h="598" x="230.807404" y="-45.918793">
   <element name="charm_bee_chip" layername="charm_thorn_chip" frame="0" z_index="4" m_a="1.000000" m_b="0.000000" m_c="0.000000" m_d="1.000000" m_tx="278.000000" m_ty="31.000000"/>
   <element name="charm_bee_chip" layername="charm_thorn_chip" frame="1" z_index="5" m_a="1.000000" m_b="0.000000" m_c="0.000000" m_d="1.000000" m_tx="321.000000" m_ty="-107.000000"/>
   <element name="charm_bee_chip" layername="charm_thorn_chip_2" frame="2" z_index="6" m_a="1.000000" m_b="0.000000" m_c="0.000000" m_d="1.000000" m_tx="86.000000" m_ty="-199.000000"/>
   <element name="charm_thorn_chip" layername="charm_thorn_chip" frame="0" z_index="6" m_a="1.000000" m_b="0.000000" m_c="0.000000" m_d="1.000000" m_tx="498.000000" m_ty="-231.000000"/>
   <element name="charm_thorn_chip" layername="charm_thorn_chip" frame="1" z_index="6" m_a="1.000000" m_b="0.000000" m_c="0.000000" m_d="1.000000" m_tx="488.000000" m_ty="-64.000000"/>
   <element name="charm_thorn_chip" layername="charm_thorn_chip-2" frame="2" z_index="6" m_a="1.000000" m_b="0.000000" m_c="0.000000" m_d="1.000000" m_tx="425.000000" m_ty="128.000000"/>
  </frame>
  <frame idx="400" w="387" h="598" x="230.807404" y="-45.918793">
   <element name="charm_bee_chip" layername="charm_thorn_chip" frame="0" z_index="4" m_a="1.000000" m_b="0.000000" m_c="0.000000" m_d="1.000000" m_tx="278.000000" m_ty="31.000000"/>
   <element name="charm_bee_chip" layername="charm_thorn_chip" frame="1" z_index="5" m_a="1.000000" m_b="0.000000" m_c="0.000000" m_d="1.000000" m_tx="321.000000" m_ty="-107.000000"/>
   <element name="charm_bee_chip" layername="charm_thorn_chip_2" frame="2" z_index="6" m_a="1.000000" m_b="0.000000" m_c="0.000000" m_d="1.000000" m_tx="86.000000" m_ty="-199.000000"/>
   <element name="charm_thorn_chip" layername="charm_thorn_chip" frame="0" z_index="6" m_a="1.000000" m_b="0.000000" m_c="0.000000" m_d="1.000000" m_tx="498.000000" m_ty="-231.000000"/>
   <element name="charm_thorn_chip" layername="charm_thorn_chip" frame="1" z_index="6" m_a="1.000000" m_b="0.000000" m_c="0.000000" m_d="1.000000" m_tx="488.000000" m_ty="-64.000000"/>
   <element name="charm_thorn_chip" layername="charm_thorn_chip-2" frame="2" z_index="6" m_a="1.000000" m_b="0.000000" m_c="0.000000" m_d="1.000000" m_tx="425.000000" m_ty="128.000000"/>
  </frame>
  <frame idx="425" w="387" h="598" x="230.807404" y="-45.918793">
   <element name="charm_bee_chip" layername="charm_thorn_chip" frame="0" z_index="4" m_a="1.000000" m_b="0.000000" m_c="0.000000" m_d="1.000000" m_tx="278.000000" m_ty="31.000000"/>
   <element name="charm_bee_chip" layername="charm_thorn_chip" frame="1" z_index="5" m_a="1.000000" m_b="0.000000" m_c="0.000000" m_d="1.000000" m_tx="321.000000" m_ty="-107.000000"/>
   <element name="charm_bee_chip" layername="charm_thorn_chip_2" frame="2" z_index="6" m_a="1.000000" m_b="0.000000" m_c="0.000000" m_d="1.000000" m_tx="86.000000" m_ty="-199.000000"/>
   <element name="charm_thorn_chip" layername="charm_thorn_chip" frame="0" z_index="6" m_a="1.000000" m_b="0.000000" m_c="0.000000" m_d="1.000000" m_tx="498.000000" m_ty="-231.000000"/>
   <element name="charm_thorn_chip" layername="charm_thorn_chip" frame="1" z_index="6" m_a="1.000000" m_b="0.000000" m_c="0.000000" m_d="1.000000" m_tx="488.000000" m_ty="-64.000000"/>
   <element name="charm_thorn_chip" layername="charm_thorn_chip-2" frame="2" z_index="6" m_a="1.000000" m_b="0.000000" m_c="0.000000" m_d="1.000000" m_tx="425.000000" m_ty="128.000000"/>
  </frame>
  <frame idx="450" w="387" h="598" x="230.807404" y="-45.918793">
   <element name="charm_bee_chip" layername="charm_thorn_chip" frame="0" z_index="4" m_a="1.000000" m_b="0.000000" m_c="0.000000" m_d="1.000000" m_tx="278.000000" m_ty="31.000000"/>
   <element name="charm_bee_chip" layername="charm_thorn_chip" frame="1" z_index="5" m_a="1.000000" m_b="0.000000" m_c="0.000000" m_d="1.000000" m_tx="321.000000" m_ty="-107.000000"/>
   <element name="charm_bee_chip" layername="charm_thorn_chip_2" frame="2" z_index="6" m_a="1.000000" m_b="0.000000" m_c="0.000000" m_d="1.000000" m_tx="86.000000" m_ty="-199.000000"/>
   <element name="charm_thorn_chip" layername="charm_thorn_chip" frame="0" z_index="6" m_a="1.000000" m_b="0.000000" m_c="0.000000" m_d="1.000000" m_tx="498.000000" m_ty="-231.000000"/>
   <element name="charm_thorn_chip" layername="charm_thorn_chip" frame="1" z_index="6" m_a="1.000000" m_b="0.000000" m_c="0.000000" m_d="1.000000" m_tx="488.000000" m_ty="-64.000000"/>
   <element name="charm_thorn_chip" layername="charm_thorn_chip-2" frame="2" z_index="6" m_a="1.000000" m_b="0.000000" m_c="0.000000" m_d="1.000000" m_tx="425.000000" m_ty="128.000000"/>
  </frame>
  <frame idx="475" w="387" h="598" x="230.807404" y="-45.918793">
   <element name="charm_bee_chip" layername="charm_thorn_chip" frame="0" z_index="4" m_a="1.000000" m_b="0.000000" m_c="0.000000" m_d="1.000000" m_tx="278.000000" m_ty="31.000000"/>
   <element name="charm_bee_chip" layername="charm_thorn_chip" frame="1" z_index="5" m_a="1.000000" m_b="0.000000" m_c="0.000000" m_d="1.000000" m_tx="321.000000" m_ty="-107.000000"/>
   <element name="charm_bee_chip" layername="charm_thorn_chip_2" frame="2" z_index="6" m_a="1.000000" m_b="0.000000" m_c="0.000000" m_d="1.000000" m_tx="86.000000" m_ty="-199.000000"/>
   <element name="charm_thorn_chip" layername="charm_thorn_chip" frame="0" z_index="6" m_a="1.000000" m_b="0.000000" m_c="0.000000" m_d="1.000000" m_tx="498.000000" m_ty="-231.000000"/>
   <element name="charm_thorn_chip" layername="charm_thorn_chip" frame="1" z_index="6" m_a="1.000000" m_b="0.000000" m_c="0.000000" m_d="1.000000" m_tx="488.000000" m_ty="-64.000000"/>
   <element name="charm_thorn_chip" layername="charm_thorn_chip-2" frame="2" z_index="6" m_a="1.000000" m_b="0.000000" m_c="0.000000" m_d="1.000000" m_tx="425.000000" m_ty="128.000000"/>
  </frame>
  <frame idx="500" w="387" h="598" x="230.807404" y="-45.918793">
   <element name="charm_bee_chip" layername="charm_thorn_chip" frame="0" z_index="4" m_a="1.000000" m_b="0.000000" m_c="0.000000" m_d="1.000000" m_tx="278.000000" m_ty="31.000000"/>
   <element name="charm_bee_chip" layername="charm_thorn_chip" frame="1" z_index="5" m_a="1.000000" m_b="0.000000" m_c="0.000000" m_d="1.000000" m_tx="321.000000" m_ty="-107.000000"/>
   <element name="charm_bee_chip" layername="charm_thorn_chip_2" frame="2" z_index="6" m_a="1.000000" m_b="0.000000" m_c="0.000000" m_d="1.000000" m_tx="86.000000" m_ty="-199.000000"/>
   <element name="charm_thorn_chip" layername="charm_thorn_chip" frame="0" z_index="6" m_a="1.000000" m_b="0.000000" m_c="0.000000" m_d="1.000000" m_tx="498.000000" m_ty="-231.000000"/>
   <element name="charm_thorn_chip" layername="charm_thorn_chip" frame="1" z_index="6" m_a="1.000000" m_b="0.000000" m_c="0.000000" m_d="1.000000" m_tx="488.000000" m_ty="-64.000000"/>
   <element name="charm_thorn_chip" layername="charm_thorn_chip-2" frame="2" z_index="6" m_a="1.000000" m_b="0.000000" m_c="0.000000" m_d="1.000000" m_tx="425.000000" m_ty="128.000000"/>
  </frame>
  <frame idx="525" w="387" h="598" x="230.807404" y="-45.918793">
   <element name="charm_bee_chip" layername="charm_thorn_chip" frame="0" z_index="4" m_a="1.000000" m_b="0.000000" m_c="0.000000" m_d="1.000000" m_tx="278.000000" m_ty="31.000000"/>
   <element name="charm_bee_chip" layername="charm_thorn_chip" frame="1" z_index="5" m_a="1.000000" m_b="0.000000" m_c="0.000000" m_d="1.000000" m_tx="321.000000" m_ty="-107.000000"/>
   <element name="charm_bee_chip" layername="charm_thorn_chip_2" frame="2" z_index="6" m_a="1.000000" m_b="0.000000" m_c="0.000000" m_d="1.000000" m_tx="86.000000" m_ty="-199.000000"/>
   <element name="charm_thorn_chip" layername="charm_thorn_chip" frame="0" z_index="6" m_a="1.000000" m_b="0.000000" m_c="0.000000" m_d="1.000000" m_tx="498.000000" m_ty="-231.000000"/>
   <element name="charm_thorn_chip" layername="charm_thorn_chip" frame="1" z_index="6" m_a="1.000000" m_b="0.000000" m_c="0.000000" m_d="1.000000" m_tx="488.000000" m_ty="-64.000000"/>
   <element name="charm_thorn_chip" layername="charm_thorn_chip-2" frame="2" z_index="6" m_a="1.000000" m_b="0.000000" m_c="0.000000" m_d="1.000000" m_tx="425.000000" m_ty="128.000000"/>
  </frame>
  <frame idx="550" w="387" h="598" x="230.807404" y="-45.918793">
   <element name="charm_bee_chip" layername="charm_thorn_chip" frame="0" z_index="4" m_a="1.000000" m_b="0.000000" m_c="0.000000" m_d="1.000000" m_tx="278.000000" m_ty="31.000000"/>
   <element name="charm_bee_chip" layername="charm_thorn_chip" frame="1" z_index="5" m_a="1.000000" m_b="0.000000" m_c="0.000000" m_d="1.000000" m_tx="321.000000" m_ty="-107.000000"/>
   <element name="charm_bee_chip" layername="charm_thorn_chip_2" frame="2" z_index="6" m_a="1.000000" m_b="0.000000" m_c="0.000000" m_d="1.000000" m_tx="86.000000" m_ty="-199.000000"/>
   <element name="charm_thorn_chip" layername="charm_thorn_chip" frame="0" z_index="6" m_a="1.000000" m_b="0.000000" m_c="0.000000" m_d="1.000000" m_tx="498.000000" m_ty="-231.000000"/>
   <element name="charm_thorn_chip" layername="charm_thorn_chip" frame="1" z_index="6" m_a="1.000000" m_b="0.000000" m_c="0.000000" m_d="1.000000" m_tx="488.000000" m_ty="-64.000000"/>
   <element name="charm_thorn_chip" layername="charm_thorn_chip-2" frame="2" z_index="6" m_a="1.000000" m_b="0.000000" m_c="0.000000" m_d="1.000000" m_tx="425.000000" m_ty="128.000000"/>
  </frame>
  <frame idx="575" w="387" h="598" x="230.807404" y="-45.918793">
   <element name="charm_bee_chip" layername="charm_thorn_chip" frame="0" z_index="4" m_a="1.000000" m_b="0.000000" m_c="0.000000" m_d="1.000000" m_tx="278.000000" m_ty="31.000000"/>
   <element name="charm_bee_chip" layername="charm_thorn_chip" frame="1" z_index="5" m_a="1.000000" m_b="0.000000" m_c="0.000000" m_d="1.000000" m_tx="321.000000" m_ty="-107.000000"/>
   <element name="charm_bee_chip" layername="charm_thorn_chip_2" frame="2" z_index="6" m_a="1.000000" m_b="0.000000" m_c="0.000000" m_d="1.000000" m_tx="86.000000" m_ty="-199.000000"/>
   <element name="charm_thorn_chip" layername="charm_thorn_chip" frame="0" z_index="6" m_a="1.000000" m_b="0.000000" m_c="0.000000" m_d="1.000000" m_tx="498.000000" m_ty="-231.000000"/>
   <element name="charm_thorn_chip" layername="charm_thorn_chip" frame="1" z_index="6" m_a="1.000000" m_b="0.000000" m_c="0.000000" m_d="1.000000" m_tx="488.000000" m_ty="-64.000000"/>
   <element name="charm_thorn_chip" layername="charm_thorn_chip-2" frame="2" z_index="6" m_a="1.000000" m_b="0.000000" m_c="0.000000" m_d="1.000000" m_tx="425.000000" m_ty="128.000000"/>
  </frame>
  <frame idx="600" w="387" h="598" x="230.807404" y="-45.918793">
   <element name="charm_bee_chip" layername="charm_thorn_chip" frame="0" z_index="4" m_a="1.000000" m_b="0.000000" m_c="0.000000" m_d="1.000000" m_tx="278.000000" m_ty="31.000000"/>
   <element name="charm_bee_chip" layername="charm_thorn_chip" frame="1" z_index="5" m_a="1.000000" m_b="0.000000" m_c="0.000000" m_d="1.000000" m_tx="321.000000" m_ty="-107.000000"/>
   <element name="charm_bee_chip" layername="charm_thorn_chip_2" frame="2" z_index="6" m_a="1.000000" m_b="0.000000" m_c="0.000000" m_d="1.000000" m_tx="86.000000" m_ty="-199.000000"/>
   <element name="charm_thorn_chip" layername="charm_thorn_chip" frame="0" z_index="6" m_a="1.000000" m_b="0.000000" m_c="0.000000" m_d="1.000000" m_tx="498.000000" m_ty="-231.000000"/>
   <element name="charm_thorn_chip" layername="charm_thorn_chip" frame="1" z_index="6" m_a="1.000000" m_b="0.000000" m_c="0.000000" m_d="1.000000" m_tx="488.000000" m_ty="-64.000000"/>
   <element name="charm_thorn_chip" layername="charm_thorn_chip-2" frame="2" z_index="6" m_a="1.000000" m_b="0.000000" m_c="0.000000" m_d="1.000000" m_tx="425.000000" m_ty="128.000000"/>
  </frame>
  <frame idx="625" w="387" h="598" x="230.807404" y="-45.918793">
   <element name="charm_bee_chip" layername="charm_thorn_chip" frame="0" z_index="4" m_a="1.000000" m_b="0.000000" m_c="0.000000" m_d="1.000000" m_tx="278.000000" m_ty="31.000000"/>
   <element name="charm_bee_chip" layername="charm_thorn_chip" frame="1" z_index="5" m_a="1.000000" m_b="0.000000" m_c="0.000000" m_d="1.000000" m_tx="321.000000" m_ty="-107.000000"/>
   <element name="charm_bee_chip" layername="charm_thorn_chip_2" frame="2" z_index="6" m_a="1.000000" m_b="0.000000" m_c="0.000000" m_d="1.000000" m_tx="86.000000" m_ty="-199.000000"/>
   <element name="charm_thorn_chip" layername="charm_thorn_chip" frame="0" z_index="6" m_a="1.000000" m_b="0.000000" m_c="0.000000" m_d="1.000000" m_tx="498.000000" m_ty="-231.000000"/>
   <element name="charm_thorn_chip" layername="charm_thorn_chip" frame="1" z_index="6" m_a="1.000000" m_b="0.000000" m_c="0.000000" m_d="1.000000" m_tx="488.000000" m_ty="-64.000000"/>
   <element name="charm_thorn_chip" layername="charm_thorn_chip-2" frame="2" z_index="6" m_a="1.000000" m_b="0.000000" m_c="0.000000" m_d="1.000000" m_tx="425.000000" m_ty="128.000000"/>
  </frame>
  <frame idx="650" w="387" h="598" x="230.807404" y="-45.918793">
   <element name="charm_bee_chip" layername="charm_thorn_chip" frame="0" z_index="4" m_a="1.000000" m_b="0.000000" m_c="0.000000" m_d="1.000000" m_tx="278.000000" m_ty="31.000000"/>
   <element name="charm_bee_chip" layername="charm_thorn_chip" frame="1" z_index="5" m_a="1.000000" m_b="0.000000" m_c="0.000000" m_d="1.000000" m_tx="321.000000" m_ty="-107.000000"/>
   <element name="charm_bee_chip" layername="charm_thorn_chip_2" frame="2" z_index="6" m_a="1.000000" m_b="0.000000" m_c="0.000000" m_d="1.000000" m_tx="86.000000" m_ty="-199.000000"/>
   <element name="charm_thorn_chip" layername="charm_thorn_chip" frame="0" z_index="6" m_a="1.000000" m_b="0.000000" m_c="0.000000" m_d="1.000000" m_tx="498.000000" m_ty="-231.000000"/>
   <element name="charm_thorn_chip" layername="charm_thorn_chip" frame="1" z_index="6" m_a="1.000000" m_b="0.000000" m_c="0.000000" m_d="1.000000" m_tx="488.000000" m_ty="-64.000000"/>
   <element name="charm_thorn_chip" layername="charm_thorn_chip-2" frame="2" z_index="6" m_a="1.000000" m_b="0.000000" m_c="0.000000" m_d="1.000000" m_tx="425.000000" m_ty="128.000000"/>
  </frame>
  <frame idx="675" w="387" h="598" x="230.807404" y="-45.918793">
   <element name="charm_bee_chip" layername="charm_thorn_chip" frame="0" z_index="4" m_a="1.000000" m_b="0.000000" m_c="0.000000" m_d="1.000000" m_tx="278.000000" m_ty="31.000000"/>
   <element name="charm_bee_chip" layername="charm_thorn_chip" frame="1" z_index="5" m_a="1.000000" m_b="0.000000" m_c="0.000000" m_d="1.000000" m_tx="321.000000" m_ty="-107.000000"/>
   <element name="charm_bee_chip" layername="charm_thorn_chip_2" frame="2" z_index="6" m_a="1.000000" m_b="0.000000" m_c="0.000000" m_d="1.000000" m_tx="86.000000" m_ty="-199.000000"/>
   <element name="charm_thorn_chip" layername="charm_thorn_chip" frame="0" z_index="6" m_a="1.000000" m_b="0.000000" m_c="0.000000" m_d="1.000000" m_tx="498.000000" m_ty="-231.000000"/>
   <element name="charm_thorn_chip" layername="charm_thorn_chip" frame="1" z_index="6" m_a="1.000000" m_b="0.000000" m_c="0.000000" m_d="1.000000" m_tx="488.000000" m_ty="-64.000000"/>
   <element name="charm_thorn_chip" layername="charm_thorn_chip-2" frame="2" z_index="6" m_a="1.000000" m_b="0.000000" m_c="0.000000" m_d="1.000000" m_tx="425.000000" m_ty="128.000000"/>
  </frame>
  <frame idx="700" w="387" h="598" x="230.807404" y="-45.918793">
   <element name="charm_bee_chip" layername="charm_thorn_chip" frame="0" z_index="4" m_a="1.000000" m_b="0.000000" m_c="0.000000" m_d="1.000000" m_tx="278.000000" m_ty="31.000000"/>
   <element name="charm_bee_chip" layername="charm_thorn_chip" frame="1" z_index="5" m_a="1.000000" m_b="0.000000" m_c="0.000000" m_d="1.000000" m_tx="321.000000" m_ty="-107.000000"/>
   <element name="charm_bee_chip" layername="charm_thorn_chip_2" frame="2" z_index="6" m_a="1.000000" m_b="0.000000" m_c="0.000000" m_d="1.000000" m_tx="86.000000" m_ty="-199.000000"/>
   <element name="charm_thorn_chip" layername="charm_thorn_chip" frame="0" z_index="6" m_a="1.000000" m_b="0.000000" m_c="0.000000" m_d="1.000000" m_tx="498.000000" m_ty="-231.000000"/>
   <element name="charm_thorn_chip" layername="charm_thorn_chip" frame="1" z_index="6" m_a="1.000000" m_b="0.000000" m_c="0.000000" m_d="1.000000" m_tx="488.000000" m_ty="-64.000000"/>
   <element name="charm_thorn_chip" layername="charm_thorn_chip-2" frame="2" z_index="6" m_a="1.000000" m_b="0.000000" m_c="0.000000" m_d="1.000000" m_tx="425.000000" m_ty="128.000000"/>
  </frame>
  <frame idx="725" w="387" h="598" x="230.807404" y="-45.918793">
   <element name="charm_bee_chip" layername="charm_thorn_chip" frame="0" z_index="4" m_a="1.000000" m_b="0.000000" m_c="0.000000" m_d="1.000000" m_tx="278.000000" m_ty="31.000000"/>
   <element name="charm_bee_chip" layername="charm_thorn_chip" frame="1" z_index="5" m_a="1.000000" m_b="0.000000" m_c="0.000000" m_d="1.000000" m_tx="321.000000" m_ty="-107.000000"/>
   <element name="charm_bee_chip" layername="charm_thorn_chip_2" frame="2" z_index="6" m_a="1.000000" m_b="0.000000" m_c="0.000000" m_d="1.000000" m_tx="86.000000" m_ty="-199.000000"/>
   <element name="charm_thorn_chip" layername="charm_thorn_chip" frame="0" z_index="6" m_a="1.000000" m_b="0.000000" m_c="0.000000" m_d="1.000000" m_tx="498.000000" m_ty="-231.000000"/>
   <element name="charm_thorn_chip" layername="charm_thorn_chip" frame="1" z_index="6" m_a="1.000000" m_b="0.000000" m_c="0.000000" m_d="1.000000" m_tx="488.000000" m_ty="-64.000000"/>
   <element name="charm_thorn_chip" layername="charm_thorn_chip-2" frame="2" z_index="6" m_a="1.000000" m_b="0.000000" m_c="0.000000" m_d="1.000000" m_tx="425.000000" m_ty="128.000000"/>
  </frame>
  <frame idx="750" w="387" h="598" x="230.807404" y="-45.918793">
   <element name="charm_bee_chip" layername="charm_thorn_chip" frame="0" z_index="4" m_a="1.000000" m_b="0.000000" m_c="0.000000" m_d="1.000000" m_tx="278.000000" m_ty="31.000000"/>
   <element name="charm_bee_chip" layername="charm_thorn_chip" frame="1" z_index="5" m_a="1.000000" m_b="0.000000" m_c="0.000000" m_d="1.000000" m_tx="321.000000" m_ty="-107.000000"/>
   <element name="charm_bee_chip" layername="charm_thorn_chip_2" frame="2" z_index="6" m_a="1.000000" m_b="0.000000" m_c="0.000000" m_d="1.000000" m_tx="86.000000" m_ty="-199.000000"/>
   <element name="charm_thorn_chip" layername="charm_thorn_chip" frame="0" z_index="6" m_a="1.000000" m_b="0.000000" m_c="0.000000" m_d="1.000000" m_tx="498.000000" m_ty="-231.000000"/>
   <element name="charm_thorn_chip" layername="charm_thorn_chip" frame="1" z_index="6" m_a="1.000000" m_b="0.000000" m_c="0.000000" m_d="1.000000" m_tx="488.000000" m_ty="-64.000000"/>
   <element name="charm_thorn_chip" layername="charm_thorn_chip-2" frame="2" z_index="6" m_a="1.000000" m_b="0.000000" m_c="0.000000" m_d="1.000000" m_tx="425.000000" m_ty="128.000000"/>
  </frame>
  <frame idx="775" w="387" h="598" x="230.807404" y="-45.918793">
   <element name="charm_bee_chip" layername="charm_thorn_chip" frame="0" z_index="4" m_a="1.000000" m_b="0.000000" m_c="0.000000" m_d="1.000000" m_tx="278.000000" m_ty="31.000000"/>
   <element name="charm_bee_chip" layername="charm_thorn_chip" frame="1" z_index="5" m_a="1.000000" m_b="0.000000" m_c="0.000000" m_d="1.000000" m_tx="321.000000" m_ty="-107.000000"/>
   <element name="charm_bee_chip" layername="charm_thorn_chip_2" frame="2" z_index="6" m_a="1.000000" m_b="0.000000" m_c="0.000000" m_d="1.000000" m_tx="86.000000" m_ty="-199.000000"/>
   <element name="charm_thorn_chip" layername="charm_thorn_chip" frame="0" z_index="6" m_a="1.000000" m_b="0.000000" m_c="0.000000" m_d="1.000000" m_tx="498.000000" m_ty="-231.000000"/>
   <element name="charm_thorn_chip" layername="charm_thorn_chip" frame="1" z_index="6" m_a="1.000000" m_b="0.000000" m_c="0.000000" m_d="1.000000" m_tx="488.000000" m_ty="-64.000000"/>
   <element name="charm_thorn_chip" layername="charm_thorn_chip-2" frame="2" z_index="6" m_a="1.000000" m_b="0.000000" m_c="0.000000" m_d="1.000000" m_tx="425.000000" m_ty="128.000000"/>
  </frame>
  <frame idx="800" w="387" h="598" x="230.807404" y="-45.918793">
   <element name="charm_bee_chip" layername="charm_thorn_chip" frame="0" z_index="4" m_a="1.000000" m_b="0.000000" m_c="0.000000" m_d="1.000000" m_tx="278.000000" m_ty="31.000000"/>
   <element name="charm_bee_chip" layername="charm_thorn_chip" frame="1" z_index="5" m_a="1.000000" m_b="0.000000" m_c="0.000000" m_d="1.000000" m_tx="321.000000" m_ty="-107.000000"/>
   <element name="charm_bee_chip" layername="charm_thorn_chip_2" frame="2" z_index="6" m_a="1.000000" m_b="0.000000" m_c="0.000000" m_d="1.000000" m_tx="86.000000" m_ty="-199.000000"/>
   <element name="charm_thorn_chip" layername="charm_thorn_chip" frame="0" z_index="6" m_a="1.000000" m_b="0.000000" m_c="0.000000" m_d="1.000000" m_tx="498.000000" m_ty="-231.000000"/>
   <element name="charm_thorn_chip" layername="charm_thorn_chip" frame="1" z_index="6" m_a="1.000000" m_b="0.000000" m_c="0.000000" m_d="1.000000" m_tx="488.000000" m_ty="-64.000000"/>
   <element name="charm_thorn_chip" layername="charm_thorn_chip-2" frame="2" z_index="6" m_a="1.000000" m_b="0.000000" m_c="0.000000" m_d="1.000000" m_tx="425.000000" m_ty="128.000000"/>
  </frame>
  <frame idx="825" w="387" h="598" x="230.807404" y="-45.918793">
   <element name="charm_bee_chip" layername="charm_thorn_chip" frame="0" z_index="4" m_a="1.000000" m_b="0.000000" m_c="0.000000" m_d="1.000000" m_tx="278.000000" m_ty="31.000000"/>
   <element name="charm_bee_chip" layername="charm_thorn_chip" frame="1" z_index="5" m_a="1.000000" m_b="0.000000" m_c="0.000000" m_d="1.000000" m_tx="321.000000" m_ty="-107.000000"/>
   <element name="charm_bee_chip" layername="charm_thorn_chip_2" frame="2" z_index="6" m_a="1.000000" m_b="0.000000" m_c="0.000000" m_d="1.000000" m_tx="86.000000" m_ty="-199.000000"/>
   <element name="charm_thorn_chip" layername="charm_thorn_chip" frame="0" z_index="6" m_a="1.000000" m_b="0.000000" m_c="0.000000" m_d="1.000000" m_tx="498.000000" m_ty="-231.000000"/>
   <element name="charm_thorn_chip" layername="charm_thorn_chip" frame="1" z_index="6" m_a="1.000000" m_b="0.000000" m_c="0.000000" m_d="1.000000" m_tx="488.000000" m_ty="-64.000000"/>
   <element name="charm_thorn_chip" layername="charm_thorn_chip-2" frame="2" z_index="6" m_a="1.000000" m_b="0.000000" m_c="0.000000" m_d="1.000000" m_tx="425.000000" m_ty="128.000000"/>
  </frame>
  <frame idx="850" w="387" h="598" x="230.807404" y="-45.918793">
   <element name="charm_bee_chip" layername="charm_thorn_chip" frame="0" z_index="4" m_a="1.000000" m_b="0.000000" m_c="0.000000" m_d="1.000000" m_tx="278.000000" m_ty="31.000000"/>
   <element name="charm_bee_chip" layername="charm_thorn_chip" frame="1" z_index="5" m_a="1.000000" m_b="0.000000" m_c="0.000000" m_d="1.000000" m_tx="321.000000" m_ty="-107.000000"/>
   <element name="charm_bee_chip" layername="charm_thorn_chip_2" frame="2" z_index="6" m_a="1.000000" m_b="0.000000" m_c="0.000000" m_d="1.000000" m_tx="86.000000" m_ty="-199.000000"/>
   <element name="charm_thorn_chip" layername="charm_thorn_chip" frame="0" z_index="6" m_a="1.000000" m_b="0.000000" m_c="0.000000" m_d="1.000000" m_tx="498.000000" m_ty="-231.000000"/>
   <element name="charm_thorn_chip" layername="charm_thorn_chip" frame="1" z_index="6" m_a="1.000000" m_b="0.000000" m_c="0.000000" m_d="1.000000" m_tx="488.000000" m_ty="-64.000000"/>
   <element name="charm_thorn_chip" layername="charm_thorn_chip-2" frame="2" z_index="6" m_a="1.000000" m_b="0.000000" m_c="0.000000" m_d="1.000000" m_tx="425.000000" m_ty="128.000000"/>
  </frame>
  <frame idx="875" w="387" h="598" x="230.807404" y="-45.918793">
   <element name="charm_bee_chip" layername="charm_thorn_chip" frame="0" z_index="4" m_a="1.000000" m_b="0.000000" m_c="0.000000" m_d="1.000000" m_tx="278.000000" m_ty="31.000000"/>
   <element name="charm_bee_chip" layername="charm_thorn_chip" frame="1" z_index="5" m_a="1.000000" m_b="0.000000" m_c="0.000000" m_d="1.000000" m_tx="321.000000" m_ty="-107.000000"/>
   <element name="charm_bee_chip" layername="charm_thorn_chip_2" frame="2" z_index="6" m_a="1.000000" m_b="0.000000" m_c="0.000000" m_d="1.000000" m_tx="86.000000" m_ty="-199.000000"/>
   <element name="charm_thorn_chip" layername="charm_thorn_chip" frame="0" z_index="6" m_a="1.000000" m_b="0.000000" m_c="0.000000" m_d="1.000000" m_tx="498.000000" m_ty="-231.000000"/>
   <element name="charm_thorn_chip" layername="charm_thorn_chip" frame="1" z_index="6" m_a="1.000000" m_b="0.000000" m_c="0.000000" m_d="1.000000" m_tx="488.000000" m_ty="-64.000000"/>
   <element name="charm_thorn_chip" layername="charm_thorn_chip-2" frame="2" z_index="6" m_a="1.000000" m_b="0.000000" m_c="0.000000" m_d="1.000000" m_tx="425.000000" m_ty="128.000000"/>
  </frame>
  <frame idx="900" w="387" h="598" x="230.807404" y="-45.918793">
   <element name="charm_bee_chip" layername="charm_thorn_chip" frame="0" z_index="4" m_a="1.000000" m_b="0.000000" m_c="0.000000" m_d="1.000000" m_tx="278.000000" m_ty="31.000000"/>
   <element name="charm_bee_chip" layername="charm_thorn_chip" frame="1" z_index="5" m_a="1.000000" m_b="0.000000" m_c="0.000000" m_d="1.000000" m_tx="321.000000" m_ty="-107.000000"/>
   <element name="charm_bee_chip" layername="charm_thorn_chip_2" frame="2" z_index="6" m_a="1.000000" m_b="0.000000" m_c="0.000000" m_d="1.000000" m_tx="86.000000" m_ty="-199.000000"/>
   <element name="charm_thorn_chip" layername="charm_thorn_chip" frame="0" z_index="6" m_a="1.000000" m_b="0.000000" m_c="0.000000" m_d="1.000000" m_tx="498.000000" m_ty="-231.000000"/>
   <element name="charm_thorn_chip" layername="charm_thorn_chip" frame="1" z_index="6" m_a="1.000000" m_b="0.000000" m_c="0.000000" m_d="1.000000" m_tx="488.000000" m_ty="-64.000000"/>
   <element name="charm_thorn_chip" layername="charm_thorn_chip-2" frame="2" z_index="6" m_a="1.000000" m_b="0.000000" m_c="0.000000" m_d="1.000000" m_tx="425.000000" m_ty="128.000000"/>
  </frame>
  <frame idx="925" w="387" h="598" x="230.807404" y="-45.918793">
   <element name="charm_bee_chip" layername="charm_thorn_chip" frame="0" z_index="4" m_a="1.000000" m_b="0.000000" m_c="0.000000" m_d="1.000000" m_tx="278.000000" m_ty="31.000000"/>
   <element name="charm_bee_chip" layername="charm_thorn_chip" frame="1" z_index="5" m_a="1.000000" m_b="0.000000" m_c="0.000000" m_d="1.000000" m_tx="321.000000" m_ty="-107.000000"/>
   <element name="charm_bee_chip" layername="charm_thorn_chip_2" frame="2" z_index="6" m_a="1.000000" m_b="0.000000" m_c="0.000000" m_d="1.000000" m_tx="86.000000" m_ty="-199.000000"/>
   <element name="charm_thorn_chip" layername="charm_thorn_chip" frame="0" z_index="6" m_a="1.000000" m_b="0.000000" m_c="0.000000" m_d="1.000000" m_tx="498.000000" m_ty="-231.000000"/>
   <element name="charm_thorn_chip" layername="charm_thorn_chip" frame="1" z_index="6" m_a="1.000000" m_b="0.000000" m_c="0.000000" m_d="1.000000" m_tx="488.000000" m_ty="-64.000000"/>
   <element name="charm_thorn_chip" layername="charm_thorn_chip-2" frame="2" z_index="6" m_a="1.000000" m_b="0.000000" m_c="0.000000" m_d="1.000000" m_tx="425.000000" m_ty="128.000000"/>
  </frame>
  <frame idx="950" w="387" h="598" x="230.807404" y="-45.918793">
   <element name="charm_bee_chip" layername="charm_thorn_chip" frame="0" z_index="4" m_a="1.000000" m_b="0.000000" m_c="0.000000" m_d="1.000000" m_tx="278.000000" m_ty="31.000000"/>
   <element name="charm_bee_chip" layername="charm_thorn_chip" frame="1" z_index="5" m_a="1.000000" m_b="0.000000" m_c="0.000000" m_d="1.000000" m_tx="321.000000" m_ty="-107.000000"/>
   <element name="charm_bee_chip" layername="charm_thorn_chip_2" frame="2" z_index="6" m_a="1.000000" m_b="0.000000" m_c="0.000000" m_d="1.000000" m_tx="86.000000" m_ty="-199.000000"/>
   <element name="charm_thorn_chip" layername="charm_thorn_chip" frame="0" z_index="6" m_a="1.000000" m_b="0.000000" m_c="0.000000" m_d="1.000000" m_tx="498.000000" m_ty="-231.000000"/>
   <element name="charm_thorn_chip" layername="charm_thorn_chip" frame="1" z_index="6" m_a="1.000000" m_b="0.000000" m_c="0.000000" m_d="1.000000" m_tx="488.000000" m_ty="-64.000000"/>
   <element name="charm_thorn_chip" layername="charm_thorn_chip-2" frame="2" z_index="6" m_a="1.000000" m_b="0.000000" m_c="0.000000" m_d="1.000000" m_tx="425.000000" m_ty="128.000000"/>
  </frame>
  <frame idx="975" w="387" h="598" x="230.807404" y="-45.918793">
   <element name="charm_bee_chip" layername="charm_thorn_chip" frame="0" z_index="4" m_a="1.000000" m_b="0.000000" m_c="0.000000" m_d="1.000000" m_tx="278.000000" m_ty="31.000000"/>
   <element name="charm_bee_chip" layername="charm_thorn_chip" frame="1" z_index="5" m_a="1.000000" m_b="0.000000" m_c="0.000000" m_d="1.000000" m_tx="321.000000" m_ty="-107.000000"/>
   <element name="charm_bee_chip" layername="charm_thorn_chip_2" frame="2" z_index="6" m_a="1.000000" m_b="0.000000" m_c="0.000000" m_d="1.000000" m_tx="86.000000" m_ty="-199.000000"/>
   <element name="charm_thorn_chip" layername="charm_thorn_chip" frame="0" z_index="6" m_a="1.000000" m_b="0.000000" m_c="0.000000" m_d="1.000000" m_tx="498.000000" m_ty="-231.000000"/>
   <element name="charm_thorn_chip" layername="charm_thorn_chip" frame="1" z_index="6" m_a="1.000000" m_b="0.000000" m_c="0.000000" m_d="1.000000" m_tx="488.000000" m_ty="-64.000000"/>
   <element name="charm_thorn_chip" layername="charm_thorn_chip-2" frame="2" z_index="6" m_a="1.000000" m_b="0.000000" m_c="0.000000" m_d="1.000000" m_tx="425.000000" m_ty="128.000000"/>
  </frame>
 </anim>
</Anims>
