<Anims>
 <anim name="123" root="status_wx" numframes="1000" framerate="40">
  <frame idx="0" w="687" h="572" x="150.743790" y="-5.156433">
   <element name="shield_chip" layername="shield_chip-2" frame="2" z_index="6" m_a="1.000000" m_b="0.000000" m_c="0.000000" m_d="1.000000" m_tx="500.705444" m_ty="-179.990524"/>
   <element name="shield_chip" layername="shield_chip" frame="1" z_index="5" m_a="1.000000" m_b="0.000000" m_c="0.000000" m_d="1.000000" m_tx="353.000000" m_ty="38.000000"/>
   <element name="shield_chip" layername="shield_chip" frame="0" z_index="4" m_a="1.000000" m_b="0.000000" m_c="0.000000" m_d="1.000000" m_tx="502.000000" m_ty="96.000000"/>
   <element name="magic_electric_chip" layername="magic_electric_chip-2" frame="2" z_index="3" m_a="1.000000" m_b="0.000000" m_c="0.000000" m_d="1.000000" m_tx="180.782944" m_ty="-162.038712"/>
   <element name="magic_electric_chip" layername="magic_electric_chip" frame="1" z_index="2" m_a="1.000000" m_b="0.000000" m_c="0.000000" m_d="1.000000" m_tx="-120.000000" m_ty="192.000000"/>
   <element name="magic_electric_chip" layername="magic_electric_chip" frame="0" z_index="1" m_a="1.000000" m_b="0.000000" m_c="0.000000" m_d="1.000000" m_tx="96.000000" m_ty="209.000000"/>
  </frame>
  <frame idx="25" w="687" h="572" x="150.743790" y="-5.156433">
   <element name="shield_chip" layername="shield_chip-2" frame="2" z_index="6" m_a="1.000000" m_b="0.000000" m_c="0.000000" m_d="1.000000" m_tx="500.705444" m_ty="-179.990524"/>
   <element name="shield_chip" layername="shield_chip" frame="1" z_index="5" m_a="1.000000" m_b="0.000000" m_c="0.000000" m_d="1.000000" m_tx="353.000000" m_ty="38.000000"/>
   <element name="shield_chip" layername="shield_chip" frame="0" z_index="4" m_a="1.000000" m_b="0.000000" m_c="0.000000" m_d="1.000000" m_tx="502.000000" m_ty="96.000000"/>
   <element name="magic_electric_chip" layername="magic_electric_chip-2" frame="2" z_index="3" m_a="1.000000" m_b="0.000000" m_c="0.000000" m_d="1.000000" m_tx="180.782944" m_ty="-162.038712"/>
   <element name="magic_electric_chip" layername="magic_electric_chip" frame="1" z_index="2" m_a="1.000000" m_b="0.000000" m_c="0.000000" m_d="1.000000" m_tx="-120.000000" m_ty="192.000000"/>
   <element name="magic_electric_chip" layername="magic_electric_chip" frame="0" z_index="1" m_a="1.000000" m_b="0.000000" m_c="0.000000" m_d="1.000000" m_tx="96.000000" m_ty="209.000000"/>
  </frame>
  <frame idx="50" w="687" h="572" x="150.743790" y="-5.156433">
   <element name="shield_chip" layername="shield_chip-2" frame="2" z_index="6" m_a="1.000000" m_b="0.000000" m_c="0.000000" m_d="1.000000" m_tx="500.705444" m_ty="-179.990524"/>
   <element name="shield_chip" layername="shield_chip" frame="1" z_index="5" m_a="1.000000" m_b="0.000000" m_c="0.000000" m_d="1.000000" m_tx="353.000000" m_ty="38.000000"/>
   <element name="shield_chip" layername="shield_chip" frame="0" z_index="4" m_a="1.000000" m_b="0.000000" m_c="0.000000" m_d="1.000000" m_tx="502.000000" m_ty="96.000000"/>
   <element name="magic_electric_chip" layername="magic_electric_chip-2" frame="2" z_index="3" m_a="1.000000" m_b="0.000000" m_c="0.000000" m_d="1.000000" m_tx="180.782944" m_ty="-162.038712"/>
   <element name="magic_electric_chip" layername="magic_electric_chip" frame="1" z_index="2" m_a="1.000000" m_b="0.000000" m_c="0.000000" m_d="1.000000" m_tx="-120.000000" m_ty="192.000000"/>
   <element name="magic_electric_chip" layername="magic_electric_chip" frame="0" z_index="1" m_a="1.000000" m_b="0.000000" m_c="0.000000" m_d="1.000000" m_tx="96.000000" m_ty="209.000000"/>
  </frame>
  <frame idx="75" w="687" h="572" x="150.743790" y="-5.156433">
   <element name="shield_chip" layername="shield_chip-2" frame="2" z_index="6" m_a="1.000000" m_b="0.000000" m_c="0.000000" m_d="1.000000" m_tx="500.705444" m_ty="-179.990524"/>
   <element name="shield_chip" layername="shield_chip" frame="1" z_index="5" m_a="1.000000" m_b="0.000000" m_c="0.000000" m_d="1.000000" m_tx="353.000000" m_ty="38.000000"/>
   <element name="shield_chip" layername="shield_chip" frame="0" z_index="4" m_a="1.000000" m_b="0.000000" m_c="0.000000" m_d="1.000000" m_tx="502.000000" m_ty="96.000000"/>
   <element name="magic_electric_chip" layername="magic_electric_chip-2" frame="2" z_index="3" m_a="1.000000" m_b="0.000000" m_c="0.000000" m_d="1.000000" m_tx="180.782944" m_ty="-162.038712"/>
   <element name="magic_electric_chip" layername="magic_electric_chip" frame="1" z_index="2" m_a="1.000000" m_b="0.000000" m_c="0.000000" m_d="1.000000" m_tx="-120.000000" m_ty="192.000000"/>
   <element name="magic_electric_chip" layername="magic_electric_chip" frame="0" z_index="1" m_a="1.000000" m_b="0.000000" m_c="0.000000" m_d="1.000000" m_tx="96.000000" m_ty="209.000000"/>
  </frame>
  <frame idx="100" w="687" h="572" x="150.743790" y="-5.156433">
   <element name="shield_chip" layername="shield_chip-2" frame="2" z_index="6" m_a="1.000000" m_b="0.000000" m_c="0.000000" m_d="1.000000" m_tx="500.705444" m_ty="-179.990524"/>
   <element name="shield_chip" layername="shield_chip" frame="1" z_index="5" m_a="1.000000" m_b="0.000000" m_c="0.000000" m_d="1.000000" m_tx="353.000000" m_ty="38.000000"/>
   <element name="shield_chip" layername="shield_chip" frame="0" z_index="4" m_a="1.000000" m_b="0.000000" m_c="0.000000" m_d="1.000000" m_tx="502.000000" m_ty="96.000000"/>
   <element name="magic_electric_chip" layername="magic_electric_chip-2" frame="2" z_index="3" m_a="1.000000" m_b="0.000000" m_c="0.000000" m_d="1.000000" m_tx="180.782944" m_ty="-162.038712"/>
   <element name="magic_electric_chip" layername="magic_electric_chip" frame="1" z_index="2" m_a="1.000000" m_b="0.000000" m_c="0.000000" m_d="1.000000" m_tx="-120.000000" m_ty="192.000000"/>
   <element name="magic_electric_chip" layername="magic_electric_chip" frame="0" z_index="1" m_a="1.000000" m_b="0.000000" m_c="0.000000" m_d="1.000000" m_tx="96.000000" m_ty="209.000000"/>
  </frame>
  <frame idx="125" w="687" h="572" x="150.743790" y="-5.156433">
   <element name="shield_chip" layername="shield_chip-2" frame="2" z_index="6" m_a="1.000000" m_b="0.000000" m_c="0.000000" m_d="1.000000" m_tx="500.705444" m_ty="-179.990524"/>
   <element name="shield_chip" layername="shield_chip" frame="1" z_index="5" m_a="1.000000" m_b="0.000000" m_c="0.000000" m_d="1.000000" m_tx="353.000000" m_ty="38.000000"/>
   <element name="shield_chip" layername="shield_chip" frame="0" z_index="4" m_a="1.000000" m_b="0.000000" m_c="0.000000" m_d="1.000000" m_tx="502.000000" m_ty="96.000000"/>
   <element name="magic_electric_chip" layername="magic_electric_chip-2" frame="2" z_index="3" m_a="1.000000" m_b="0.000000" m_c="0.000000" m_d="1.000000" m_tx="180.782944" m_ty="-162.038712"/>
   <element name="magic_electric_chip" layername="magic_electric_chip" frame="1" z_index="2" m_a="1.000000" m_b="0.000000" m_c="0.000000" m_d="1.000000" m_tx="-120.000000" m_ty="192.000000"/>
   <element name="magic_electric_chip" layername="magic_electric_chip" frame="0" z_index="1" m_a="1.000000" m_b="0.000000" m_c="0.000000" m_d="1.000000" m_tx="96.000000" m_ty="209.000000"/>
  </frame>
  <frame idx="150" w="687" h="572" x="150.743790" y="-5.156433">
   <element name="shield_chip" layername="shield_chip-2" frame="2" z_index="6" m_a="1.000000" m_b="0.000000" m_c="0.000000" m_d="1.000000" m_tx="500.705444" m_ty="-179.990524"/>
   <element name="shield_chip" layername="shield_chip" frame="1" z_index="5" m_a="1.000000" m_b="0.000000" m_c="0.000000" m_d="1.000000" m_tx="353.000000" m_ty="38.000000"/>
   <element name="shield_chip" layername="shield_chip" frame="0" z_index="4" m_a="1.000000" m_b="0.000000" m_c="0.000000" m_d="1.000000" m_tx="502.000000" m_ty="96.000000"/>
   <element name="magic_electric_chip" layername="magic_electric_chip-2" frame="2" z_index="3" m_a="1.000000" m_b="0.000000" m_c="0.000000" m_d="1.000000" m_tx="180.782944" m_ty="-162.038712"/>
   <element name="magic_electric_chip" layername="magic_electric_chip" frame="1" z_index="2" m_a="1.000000" m_b="0.000000" m_c="0.000000" m_d="1.000000" m_tx="-120.000000" m_ty="192.000000"/>
   <element name="magic_electric_chip" layername="magic_electric_chip" frame="0" z_index="1" m_a="1.000000" m_b="0.000000" m_c="0.000000" m_d="1.000000" m_tx="96.000000" m_ty="209.000000"/>
  </frame>
  <frame idx="175" w="687" h="572" x="150.743790" y="-5.156433">
   <element name="shield_chip" layername="shield_chip-2" frame="2" z_index="6" m_a="1.000000" m_b="0.000000" m_c="0.000000" m_d="1.000000" m_tx="500.705444" m_ty="-179.990524"/>
   <element name="shield_chip" layername="shield_chip" frame="1" z_index="5" m_a="1.000000" m_b="0.000000" m_c="0.000000" m_d="1.000000" m_tx="353.000000" m_ty="38.000000"/>
   <element name="shield_chip" layername="shield_chip" frame="0" z_index="4" m_a="1.000000" m_b="0.000000" m_c="0.000000" m_d="1.000000" m_tx="502.000000" m_ty="96.000000"/>
   <element name="magic_electric_chip" layername="magic_electric_chip-2" frame="2" z_index="3" m_a="1.000000" m_b="0.000000" m_c="0.000000" m_d="1.000000" m_tx="180.782944" m_ty="-162.038712"/>
   <element name="magic_electric_chip" layername="magic_electric_chip" frame="1" z_index="2" m_a="1.000000" m_b="0.000000" m_c="0.000000" m_d="1.000000" m_tx="-120.000000" m_ty="192.000000"/>
   <element name="magic_electric_chip" layername="magic_electric_chip" frame="0" z_index="1" m_a="1.000000" m_b="0.000000" m_c="0.000000" m_d="1.000000" m_tx="96.000000" m_ty="209.000000"/>
  </frame>
  <frame idx="200" w="687" h="572" x="150.743790" y="-5.156433">
   <element name="shield_chip" layername="shield_chip-2" frame="2" z_index="6" m_a="1.000000" m_b="0.000000" m_c="0.000000" m_d="1.000000" m_tx="500.705444" m_ty="-179.990524"/>
   <element name="shield_chip" layername="shield_chip" frame="1" z_index="5" m_a="1.000000" m_b="0.000000" m_c="0.000000" m_d="1.000000" m_tx="353.000000" m_ty="38.000000"/>
   <element name="shield_chip" layername="shield_chip" frame="0" z_index="4" m_a="1.000000" m_b="0.000000" m_c="0.000000" m_d="1.000000" m_tx="502.000000" m_ty="96.000000"/>
   <element name="magic_electric_chip" layername="magic_electric_chip-2" frame="2" z_index="3" m_a="1.000000" m_b="0.000000" m_c="0.000000" m_d="1.000000" m_tx="180.782944" m_ty="-162.038712"/>
   <element name="magic_electric_chip" layername="magic_electric_chip" frame="1" z_index="2" m_a="1.000000" m_b="0.000000" m_c="0.000000" m_d="1.000000" m_tx="-120.000000" m_ty="192.000000"/>
   <element name="magic_electric_chip" layername="magic_electric_chip" frame="0" z_index="1" m_a="1.000000" m_b="0.000000" m_c="0.000000" m_d="1.000000" m_tx="96.000000" m_ty="209.000000"/>
  </frame>
  <frame idx="225" w="687" h="572" x="150.743790" y="-5.156433">
   <element name="shield_chip" layername="shield_chip-2" frame="2" z_index="6" m_a="1.000000" m_b="0.000000" m_c="0.000000" m_d="1.000000" m_tx="500.705444" m_ty="-179.990524"/>
   <element name="shield_chip" layername="shield_chip" frame="1" z_index="5" m_a="1.000000" m_b="0.000000" m_c="0.000000" m_d="1.000000" m_tx="353.000000" m_ty="38.000000"/>
   <element name="shield_chip" layername="shield_chip" frame="0" z_index="4" m_a="1.000000" m_b="0.000000" m_c="0.000000" m_d="1.000000" m_tx="502.000000" m_ty="96.000000"/>
   <element name="magic_electric_chip" layername="magic_electric_chip-2" frame="2" z_index="3" m_a="1.000000" m_b="0.000000" m_c="0.000000" m_d="1.000000" m_tx="180.782944" m_ty="-162.038712"/>
   <element name="magic_electric_chip" layername="magic_electric_chip" frame="1" z_index="2" m_a="1.000000" m_b="0.000000" m_c="0.000000" m_d="1.000000" m_tx="-120.000000" m_ty="192.000000"/>
   <element name="magic_electric_chip" layername="magic_electric_chip" frame="0" z_index="1" m_a="1.000000" m_b="0.000000" m_c="0.000000" m_d="1.000000" m_tx="96.000000" m_ty="209.000000"/>
  </frame>
  <frame idx="250" w="687" h="572" x="150.743790" y="-5.156433">
   <element name="shield_chip" layername="shield_chip-2" frame="2" z_index="6" m_a="1.000000" m_b="0.000000" m_c="0.000000" m_d="1.000000" m_tx="500.705444" m_ty="-179.990524"/>
   <element name="shield_chip" layername="shield_chip" frame="1" z_index="5" m_a="1.000000" m_b="0.000000" m_c="0.000000" m_d="1.000000" m_tx="353.000000" m_ty="38.000000"/>
   <element name="shield_chip" layername="shield_chip" frame="0" z_index="4" m_a="1.000000" m_b="0.000000" m_c="0.000000" m_d="1.000000" m_tx="502.000000" m_ty="96.000000"/>
   <element name="magic_electric_chip" layername="magic_electric_chip-2" frame="2" z_index="3" m_a="1.000000" m_b="0.000000" m_c="0.000000" m_d="1.000000" m_tx="180.782944" m_ty="-162.038712"/>
   <element name="magic_electric_chip" layername="magic_electric_chip" frame="1" z_index="2" m_a="1.000000" m_b="0.000000" m_c="0.000000" m_d="1.000000" m_tx="-120.000000" m_ty="192.000000"/>
   <element name="magic_electric_chip" layername="magic_electric_chip" frame="0" z_index="1" m_a="1.000000" m_b="0.000000" m_c="0.000000" m_d="1.000000" m_tx="96.000000" m_ty="209.000000"/>
  </frame>
  <frame idx="275" w="687" h="572" x="150.743790" y="-5.156433">
   <element name="shield_chip" layername="shield_chip-2" frame="2" z_index="6" m_a="1.000000" m_b="0.000000" m_c="0.000000" m_d="1.000000" m_tx="500.705444" m_ty="-179.990524"/>
   <element name="shield_chip" layername="shield_chip" frame="1" z_index="5" m_a="1.000000" m_b="0.000000" m_c="0.000000" m_d="1.000000" m_tx="353.000000" m_ty="38.000000"/>
   <element name="shield_chip" layername="shield_chip" frame="0" z_index="4" m_a="1.000000" m_b="0.000000" m_c="0.000000" m_d="1.000000" m_tx="502.000000" m_ty="96.000000"/>
   <element name="magic_electric_chip" layername="magic_electric_chip-2" frame="2" z_index="3" m_a="1.000000" m_b="0.000000" m_c="0.000000" m_d="1.000000" m_tx="180.782944" m_ty="-162.038712"/>
   <element name="magic_electric_chip" layername="magic_electric_chip" frame="1" z_index="2" m_a="1.000000" m_b="0.000000" m_c="0.000000" m_d="1.000000" m_tx="-120.000000" m_ty="192.000000"/>
   <element name="magic_electric_chip" layername="magic_electric_chip" frame="0" z_index="1" m_a="1.000000" m_b="0.000000" m_c="0.000000" m_d="1.000000" m_tx="96.000000" m_ty="209.000000"/>
  </frame>
  <frame idx="300" w="687" h="572" x="150.743790" y="-5.156433">
   <element name="shield_chip" layername="shield_chip-2" frame="2" z_index="6" m_a="1.000000" m_b="0.000000" m_c="0.000000" m_d="1.000000" m_tx="500.705444" m_ty="-179.990524"/>
   <element name="shield_chip" layername="shield_chip" frame="1" z_index="5" m_a="1.000000" m_b="0.000000" m_c="0.000000" m_d="1.000000" m_tx="353.000000" m_ty="38.000000"/>
   <element name="shield_chip" layername="shield_chip" frame="0" z_index="4" m_a="1.000000" m_b="0.000000" m_c="0.000000" m_d="1.000000" m_tx="502.000000" m_ty="96.000000"/>
   <element name="magic_electric_chip" layername="magic_electric_chip-2" frame="2" z_index="3" m_a="1.000000" m_b="0.000000" m_c="0.000000" m_d="1.000000" m_tx="180.782944" m_ty="-162.038712"/>
   <element name="magic_electric_chip" layername="magic_electric_chip" frame="1" z_index="2" m_a="1.000000" m_b="0.000000" m_c="0.000000" m_d="1.000000" m_tx="-120.000000" m_ty="192.000000"/>
   <element name="magic_electric_chip" layername="magic_electric_chip" frame="0" z_index="1" m_a="1.000000" m_b="0.000000" m_c="0.000000" m_d="1.000000" m_tx="96.000000" m_ty="209.000000"/>
  </frame>
  <frame idx="325" w="687" h="572" x="150.743790" y="-5.156433">
   <element name="shield_chip" layername="shield_chip-2" frame="2" z_index="6" m_a="1.000000" m_b="0.000000" m_c="0.000000" m_d="1.000000" m_tx="500.705444" m_ty="-179.990524"/>
   <element name="shield_chip" layername="shield_chip" frame="1" z_index="5" m_a="1.000000" m_b="0.000000" m_c="0.000000" m_d="1.000000" m_tx="353.000000" m_ty="38.000000"/>
   <element name="shield_chip" layername="shield_chip" frame="0" z_index="4" m_a="1.000000" m_b="0.000000" m_c="0.000000" m_d="1.000000" m_tx="502.000000" m_ty="96.000000"/>
   <element name="magic_electric_chip" layername="magic_electric_chip-2" frame="2" z_index="3" m_a="1.000000" m_b="0.000000" m_c="0.000000" m_d="1.000000" m_tx="180.782944" m_ty="-162.038712"/>
   <element name="magic_electric_chip" layername="magic_electric_chip" frame="1" z_index="2" m_a="1.000000" m_b="0.000000" m_c="0.000000" m_d="1.000000" m_tx="-120.000000" m_ty="192.000000"/>
   <element name="magic_electric_chip" layername="magic_electric_chip" frame="0" z_index="1" m_a="1.000000" m_b="0.000000" m_c="0.000000" m_d="1.000000" m_tx="96.000000" m_ty="209.000000"/>
  </frame>
  <frame idx="350" w="687" h="572" x="150.743790" y="-5.156433">
   <element name="shield_chip" layername="shield_chip-2" frame="2" z_index="6" m_a="1.000000" m_b="0.000000" m_c="0.000000" m_d="1.000000" m_tx="500.705444" m_ty="-179.990524"/>
   <element name="shield_chip" layername="shield_chip" frame="1" z_index="5" m_a="1.000000" m_b="0.000000" m_c="0.000000" m_d="1.000000" m_tx="353.000000" m_ty="38.000000"/>
   <element name="shield_chip" layername="shield_chip" frame="0" z_index="4" m_a="1.000000" m_b="0.000000" m_c="0.000000" m_d="1.000000" m_tx="502.000000" m_ty="96.000000"/>
   <element name="magic_electric_chip" layername="magic_electric_chip-2" frame="2" z_index="3" m_a="1.000000" m_b="0.000000" m_c="0.000000" m_d="1.000000" m_tx="180.782944" m_ty="-162.038712"/>
   <element name="magic_electric_chip" layername="magic_electric_chip" frame="1" z_index="2" m_a="1.000000" m_b="0.000000" m_c="0.000000" m_d="1.000000" m_tx="-120.000000" m_ty="192.000000"/>
   <element name="magic_electric_chip" layername="magic_electric_chip" frame="0" z_index="1" m_a="1.000000" m_b="0.000000" m_c="0.000000" m_d="1.000000" m_tx="96.000000" m_ty="209.000000"/>
  </frame>
  <frame idx="375" w="687" h="572" x="150.743790" y="-5.156433">
   <element name="shield_chip" layername="shield_chip-2" frame="2" z_index="6" m_a="1.000000" m_b="0.000000" m_c="0.000000" m_d="1.000000" m_tx="500.705444" m_ty="-179.990524"/>
   <element name="shield_chip" layername="shield_chip" frame="1" z_index="5" m_a="1.000000" m_b="0.000000" m_c="0.000000" m_d="1.000000" m_tx="353.000000" m_ty="38.000000"/>
   <element name="shield_chip" layername="shield_chip" frame="0" z_index="4" m_a="1.000000" m_b="0.000000" m_c="0.000000" m_d="1.000000" m_tx="502.000000" m_ty="96.000000"/>
   <element name="magic_electric_chip" layername="magic_electric_chip-2" frame="2" z_index="3" m_a="1.000000" m_b="0.000000" m_c="0.000000" m_d="1.000000" m_tx="180.782944" m_ty="-162.038712"/>
   <element name="magic_electric_chip" layername="magic_electric_chip" frame="1" z_index="2" m_a="1.000000" m_b="0.000000" m_c="0.000000" m_d="1.000000" m_tx="-120.000000" m_ty="192.000000"/>
   <element name="magic_electric_chip" layername="magic_electric_chip" frame="0" z_index="1" m_a="1.000000" m_b="0.000000" m_c="0.000000" m_d="1.000000" m_tx="96.000000" m_ty="209.000000"/>
  </frame>
  <frame idx="400" w="687" h="572" x="150.743790" y="-5.156433">
   <element name="shield_chip" layername="shield_chip-2" frame="2" z_index="6" m_a="1.000000" m_b="0.000000" m_c="0.000000" m_d="1.000000" m_tx="500.705444" m_ty="-179.990524"/>
   <element name="shield_chip" layername="shield_chip" frame="1" z_index="5" m_a="1.000000" m_b="0.000000" m_c="0.000000" m_d="1.000000" m_tx="353.000000" m_ty="38.000000"/>
   <element name="shield_chip" layername="shield_chip" frame="0" z_index="4" m_a="1.000000" m_b="0.000000" m_c="0.000000" m_d="1.000000" m_tx="502.000000" m_ty="96.000000"/>
   <element name="magic_electric_chip" layername="magic_electric_chip-2" frame="2" z_index="3" m_a="1.000000" m_b="0.000000" m_c="0.000000" m_d="1.000000" m_tx="180.782944" m_ty="-162.038712"/>
   <element name="magic_electric_chip" layername="magic_electric_chip" frame="1" z_index="2" m_a="1.000000" m_b="0.000000" m_c="0.000000" m_d="1.000000" m_tx="-120.000000" m_ty="192.000000"/>
   <element name="magic_electric_chip" layername="magic_electric_chip" frame="0" z_index="1" m_a="1.000000" m_b="0.000000" m_c="0.000000" m_d="1.000000" m_tx="96.000000" m_ty="209.000000"/>
  </frame>
  <frame idx="425" w="687" h="572" x="150.743790" y="-5.156433">
   <element name="shield_chip" layername="shield_chip-2" frame="2" z_index="6" m_a="1.000000" m_b="0.000000" m_c="0.000000" m_d="1.000000" m_tx="500.705444" m_ty="-179.990524"/>
   <element name="shield_chip" layername="shield_chip" frame="1" z_index="5" m_a="1.000000" m_b="0.000000" m_c="0.000000" m_d="1.000000" m_tx="353.000000" m_ty="38.000000"/>
   <element name="shield_chip" layername="shield_chip" frame="0" z_index="4" m_a="1.000000" m_b="0.000000" m_c="0.000000" m_d="1.000000" m_tx="502.000000" m_ty="96.000000"/>
   <element name="magic_electric_chip" layername="magic_electric_chip-2" frame="2" z_index="3" m_a="1.000000" m_b="0.000000" m_c="0.000000" m_d="1.000000" m_tx="180.782944" m_ty="-162.038712"/>
   <element name="magic_electric_chip" layername="magic_electric_chip" frame="1" z_index="2" m_a="1.000000" m_b="0.000000" m_c="0.000000" m_d="1.000000" m_tx="-120.000000" m_ty="192.000000"/>
   <element name="magic_electric_chip" layername="magic_electric_chip" frame="0" z_index="1" m_a="1.000000" m_b="0.000000" m_c="0.000000" m_d="1.000000" m_tx="96.000000" m_ty="209.000000"/>
  </frame>
  <frame idx="450" w="687" h="572" x="150.743790" y="-5.156433">
   <element name="shield_chip" layername="shield_chip-2" frame="2" z_index="6" m_a="1.000000" m_b="0.000000" m_c="0.000000" m_d="1.000000" m_tx="500.705444" m_ty="-179.990524"/>
   <element name="shield_chip" layername="shield_chip" frame="1" z_index="5" m_a="1.000000" m_b="0.000000" m_c="0.000000" m_d="1.000000" m_tx="353.000000" m_ty="38.000000"/>
   <element name="shield_chip" layername="shield_chip" frame="0" z_index="4" m_a="1.000000" m_b="0.000000" m_c="0.000000" m_d="1.000000" m_tx="502.000000" m_ty="96.000000"/>
   <element name="magic_electric_chip" layername="magic_electric_chip-2" frame="2" z_index="3" m_a="1.000000" m_b="0.000000" m_c="0.000000" m_d="1.000000" m_tx="180.782944" m_ty="-162.038712"/>
   <element name="magic_electric_chip" layername="magic_electric_chip" frame="1" z_index="2" m_a="1.000000" m_b="0.000000" m_c="0.000000" m_d="1.000000" m_tx="-120.000000" m_ty="192.000000"/>
   <element name="magic_electric_chip" layername="magic_electric_chip" frame="0" z_index="1" m_a="1.000000" m_b="0.000000" m_c="0.000000" m_d="1.000000" m_tx="96.000000" m_ty="209.000000"/>
  </frame>
  <frame idx="475" w="687" h="572" x="150.743790" y="-5.156433">
   <element name="shield_chip" layername="shield_chip-2" frame="2" z_index="6" m_a="1.000000" m_b="0.000000" m_c="0.000000" m_d="1.000000" m_tx="500.705444" m_ty="-179.990524"/>
   <element name="shield_chip" layername="shield_chip" frame="1" z_index="5" m_a="1.000000" m_b="0.000000" m_c="0.000000" m_d="1.000000" m_tx="353.000000" m_ty="38.000000"/>
   <element name="shield_chip" layername="shield_chip" frame="0" z_index="4" m_a="1.000000" m_b="0.000000" m_c="0.000000" m_d="1.000000" m_tx="502.000000" m_ty="96.000000"/>
   <element name="magic_electric_chip" layername="magic_electric_chip-2" frame="2" z_index="3" m_a="1.000000" m_b="0.000000" m_c="0.000000" m_d="1.000000" m_tx="180.782944" m_ty="-162.038712"/>
   <element name="magic_electric_chip" layername="magic_electric_chip" frame="1" z_index="2" m_a="1.000000" m_b="0.000000" m_c="0.000000" m_d="1.000000" m_tx="-120.000000" m_ty="192.000000"/>
   <element name="magic_electric_chip" layername="magic_electric_chip" frame="0" z_index="1" m_a="1.000000" m_b="0.000000" m_c="0.000000" m_d="1.000000" m_tx="96.000000" m_ty="209.000000"/>
  </frame>
  <frame idx="500" w="687" h="572" x="150.743790" y="-5.156433">
   <element name="shield_chip" layername="shield_chip-2" frame="2" z_index="6" m_a="1.000000" m_b="0.000000" m_c="0.000000" m_d="1.000000" m_tx="500.705444" m_ty="-179.990524"/>
   <element name="shield_chip" layername="shield_chip" frame="1" z_index="5" m_a="1.000000" m_b="0.000000" m_c="0.000000" m_d="1.000000" m_tx="353.000000" m_ty="38.000000"/>
   <element name="shield_chip" layername="shield_chip" frame="0" z_index="4" m_a="1.000000" m_b="0.000000" m_c="0.000000" m_d="1.000000" m_tx="502.000000" m_ty="96.000000"/>
   <element name="magic_electric_chip" layername="magic_electric_chip-2" frame="2" z_index="3" m_a="1.000000" m_b="0.000000" m_c="0.000000" m_d="1.000000" m_tx="180.782944" m_ty="-162.038712"/>
   <element name="magic_electric_chip" layername="magic_electric_chip" frame="1" z_index="2" m_a="1.000000" m_b="0.000000" m_c="0.000000" m_d="1.000000" m_tx="-120.000000" m_ty="192.000000"/>
   <element name="magic_electric_chip" layername="magic_electric_chip" frame="0" z_index="1" m_a="1.000000" m_b="0.000000" m_c="0.000000" m_d="1.000000" m_tx="96.000000" m_ty="209.000000"/>
  </frame>
  <frame idx="525" w="687" h="572" x="150.743790" y="-5.156433">
   <element name="shield_chip" layername="shield_chip-2" frame="2" z_index="6" m_a="1.000000" m_b="0.000000" m_c="0.000000" m_d="1.000000" m_tx="500.705444" m_ty="-179.990524"/>
   <element name="shield_chip" layername="shield_chip" frame="1" z_index="5" m_a="1.000000" m_b="0.000000" m_c="0.000000" m_d="1.000000" m_tx="353.000000" m_ty="38.000000"/>
   <element name="shield_chip" layername="shield_chip" frame="0" z_index="4" m_a="1.000000" m_b="0.000000" m_c="0.000000" m_d="1.000000" m_tx="502.000000" m_ty="96.000000"/>
   <element name="magic_electric_chip" layername="magic_electric_chip-2" frame="2" z_index="3" m_a="1.000000" m_b="0.000000" m_c="0.000000" m_d="1.000000" m_tx="180.782944" m_ty="-162.038712"/>
   <element name="magic_electric_chip" layername="magic_electric_chip" frame="1" z_index="2" m_a="1.000000" m_b="0.000000" m_c="0.000000" m_d="1.000000" m_tx="-120.000000" m_ty="192.000000"/>
   <element name="magic_electric_chip" layername="magic_electric_chip" frame="0" z_index="1" m_a="1.000000" m_b="0.000000" m_c="0.000000" m_d="1.000000" m_tx="96.000000" m_ty="209.000000"/>
  </frame>
  <frame idx="550" w="687" h="572" x="150.743790" y="-5.156433">
   <element name="shield_chip" layername="shield_chip-2" frame="2" z_index="6" m_a="1.000000" m_b="0.000000" m_c="0.000000" m_d="1.000000" m_tx="500.705444" m_ty="-179.990524"/>
   <element name="shield_chip" layername="shield_chip" frame="1" z_index="5" m_a="1.000000" m_b="0.000000" m_c="0.000000" m_d="1.000000" m_tx="353.000000" m_ty="38.000000"/>
   <element name="shield_chip" layername="shield_chip" frame="0" z_index="4" m_a="1.000000" m_b="0.000000" m_c="0.000000" m_d="1.000000" m_tx="502.000000" m_ty="96.000000"/>
   <element name="magic_electric_chip" layername="magic_electric_chip-2" frame="2" z_index="3" m_a="1.000000" m_b="0.000000" m_c="0.000000" m_d="1.000000" m_tx="180.782944" m_ty="-162.038712"/>
   <element name="magic_electric_chip" layername="magic_electric_chip" frame="1" z_index="2" m_a="1.000000" m_b="0.000000" m_c="0.000000" m_d="1.000000" m_tx="-120.000000" m_ty="192.000000"/>
   <element name="magic_electric_chip" layername="magic_electric_chip" frame="0" z_index="1" m_a="1.000000" m_b="0.000000" m_c="0.000000" m_d="1.000000" m_tx="96.000000" m_ty="209.000000"/>
  </frame>
  <frame idx="575" w="687" h="572" x="150.743790" y="-5.156433">
   <element name="shield_chip" layername="shield_chip-2" frame="2" z_index="6" m_a="1.000000" m_b="0.000000" m_c="0.000000" m_d="1.000000" m_tx="500.705444" m_ty="-179.990524"/>
   <element name="shield_chip" layername="shield_chip" frame="1" z_index="5" m_a="1.000000" m_b="0.000000" m_c="0.000000" m_d="1.000000" m_tx="353.000000" m_ty="38.000000"/>
   <element name="shield_chip" layername="shield_chip" frame="0" z_index="4" m_a="1.000000" m_b="0.000000" m_c="0.000000" m_d="1.000000" m_tx="502.000000" m_ty="96.000000"/>
   <element name="magic_electric_chip" layername="magic_electric_chip-2" frame="2" z_index="3" m_a="1.000000" m_b="0.000000" m_c="0.000000" m_d="1.000000" m_tx="180.782944" m_ty="-162.038712"/>
   <element name="magic_electric_chip" layername="magic_electric_chip" frame="1" z_index="2" m_a="1.000000" m_b="0.000000" m_c="0.000000" m_d="1.000000" m_tx="-120.000000" m_ty="192.000000"/>
   <element name="magic_electric_chip" layername="magic_electric_chip" frame="0" z_index="1" m_a="1.000000" m_b="0.000000" m_c="0.000000" m_d="1.000000" m_tx="96.000000" m_ty="209.000000"/>
  </frame>
  <frame idx="600" w="687" h="572" x="150.743790" y="-5.156433">
   <element name="shield_chip" layername="shield_chip-2" frame="2" z_index="6" m_a="1.000000" m_b="0.000000" m_c="0.000000" m_d="1.000000" m_tx="500.705444" m_ty="-179.990524"/>
   <element name="shield_chip" layername="shield_chip" frame="1" z_index="5" m_a="1.000000" m_b="0.000000" m_c="0.000000" m_d="1.000000" m_tx="353.000000" m_ty="38.000000"/>
   <element name="shield_chip" layername="shield_chip" frame="0" z_index="4" m_a="1.000000" m_b="0.000000" m_c="0.000000" m_d="1.000000" m_tx="502.000000" m_ty="96.000000"/>
   <element name="magic_electric_chip" layername="magic_electric_chip-2" frame="2" z_index="3" m_a="1.000000" m_b="0.000000" m_c="0.000000" m_d="1.000000" m_tx="180.782944" m_ty="-162.038712"/>
   <element name="magic_electric_chip" layername="magic_electric_chip" frame="1" z_index="2" m_a="1.000000" m_b="0.000000" m_c="0.000000" m_d="1.000000" m_tx="-120.000000" m_ty="192.000000"/>
   <element name="magic_electric_chip" layername="magic_electric_chip" frame="0" z_index="1" m_a="1.000000" m_b="0.000000" m_c="0.000000" m_d="1.000000" m_tx="96.000000" m_ty="209.000000"/>
  </frame>
  <frame idx="625" w="687" h="572" x="150.743790" y="-5.156433">
   <element name="shield_chip" layername="shield_chip-2" frame="2" z_index="6" m_a="1.000000" m_b="0.000000" m_c="0.000000" m_d="1.000000" m_tx="500.705444" m_ty="-179.990524"/>
   <element name="shield_chip" layername="shield_chip" frame="1" z_index="5" m_a="1.000000" m_b="0.000000" m_c="0.000000" m_d="1.000000" m_tx="353.000000" m_ty="38.000000"/>
   <element name="shield_chip" layername="shield_chip" frame="0" z_index="4" m_a="1.000000" m_b="0.000000" m_c="0.000000" m_d="1.000000" m_tx="502.000000" m_ty="96.000000"/>
   <element name="magic_electric_chip" layername="magic_electric_chip-2" frame="2" z_index="3" m_a="1.000000" m_b="0.000000" m_c="0.000000" m_d="1.000000" m_tx="180.782944" m_ty="-162.038712"/>
   <element name="magic_electric_chip" layername="magic_electric_chip" frame="1" z_index="2" m_a="1.000000" m_b="0.000000" m_c="0.000000" m_d="1.000000" m_tx="-120.000000" m_ty="192.000000"/>
   <element name="magic_electric_chip" layername="magic_electric_chip" frame="0" z_index="1" m_a="1.000000" m_b="0.000000" m_c="0.000000" m_d="1.000000" m_tx="96.000000" m_ty="209.000000"/>
  </frame>
  <frame idx="650" w="687" h="572" x="150.743790" y="-5.156433">
   <element name="shield_chip" layername="shield_chip-2" frame="2" z_index="6" m_a="1.000000" m_b="0.000000" m_c="0.000000" m_d="1.000000" m_tx="500.705444" m_ty="-179.990524"/>
   <element name="shield_chip" layername="shield_chip" frame="1" z_index="5" m_a="1.000000" m_b="0.000000" m_c="0.000000" m_d="1.000000" m_tx="353.000000" m_ty="38.000000"/>
   <element name="shield_chip" layername="shield_chip" frame="0" z_index="4" m_a="1.000000" m_b="0.000000" m_c="0.000000" m_d="1.000000" m_tx="502.000000" m_ty="96.000000"/>
   <element name="magic_electric_chip" layername="magic_electric_chip-2" frame="2" z_index="3" m_a="1.000000" m_b="0.000000" m_c="0.000000" m_d="1.000000" m_tx="180.782944" m_ty="-162.038712"/>
   <element name="magic_electric_chip" layername="magic_electric_chip" frame="1" z_index="2" m_a="1.000000" m_b="0.000000" m_c="0.000000" m_d="1.000000" m_tx="-120.000000" m_ty="192.000000"/>
   <element name="magic_electric_chip" layername="magic_electric_chip" frame="0" z_index="1" m_a="1.000000" m_b="0.000000" m_c="0.000000" m_d="1.000000" m_tx="96.000000" m_ty="209.000000"/>
  </frame>
  <frame idx="675" w="687" h="572" x="150.743790" y="-5.156433">
   <element name="shield_chip" layername="shield_chip-2" frame="2" z_index="6" m_a="1.000000" m_b="0.000000" m_c="0.000000" m_d="1.000000" m_tx="500.705444" m_ty="-179.990524"/>
   <element name="shield_chip" layername="shield_chip" frame="1" z_index="5" m_a="1.000000" m_b="0.000000" m_c="0.000000" m_d="1.000000" m_tx="353.000000" m_ty="38.000000"/>
   <element name="shield_chip" layername="shield_chip" frame="0" z_index="4" m_a="1.000000" m_b="0.000000" m_c="0.000000" m_d="1.000000" m_tx="502.000000" m_ty="96.000000"/>
   <element name="magic_electric_chip" layername="magic_electric_chip-2" frame="2" z_index="3" m_a="1.000000" m_b="0.000000" m_c="0.000000" m_d="1.000000" m_tx="180.782944" m_ty="-162.038712"/>
   <element name="magic_electric_chip" layername="magic_electric_chip" frame="1" z_index="2" m_a="1.000000" m_b="0.000000" m_c="0.000000" m_d="1.000000" m_tx="-120.000000" m_ty="192.000000"/>
   <element name="magic_electric_chip" layername="magic_electric_chip" frame="0" z_index="1" m_a="1.000000" m_b="0.000000" m_c="0.000000" m_d="1.000000" m_tx="96.000000" m_ty="209.000000"/>
  </frame>
  <frame idx="700" w="687" h="572" x="150.743790" y="-5.156433">
   <element name="shield_chip" layername="shield_chip-2" frame="2" z_index="6" m_a="1.000000" m_b="0.000000" m_c="0.000000" m_d="1.000000" m_tx="500.705444" m_ty="-179.990524"/>
   <element name="shield_chip" layername="shield_chip" frame="1" z_index="5" m_a="1.000000" m_b="0.000000" m_c="0.000000" m_d="1.000000" m_tx="353.000000" m_ty="38.000000"/>
   <element name="shield_chip" layername="shield_chip" frame="0" z_index="4" m_a="1.000000" m_b="0.000000" m_c="0.000000" m_d="1.000000" m_tx="502.000000" m_ty="96.000000"/>
   <element name="magic_electric_chip" layername="magic_electric_chip-2" frame="2" z_index="3" m_a="1.000000" m_b="0.000000" m_c="0.000000" m_d="1.000000" m_tx="180.782944" m_ty="-162.038712"/>
   <element name="magic_electric_chip" layername="magic_electric_chip" frame="1" z_index="2" m_a="1.000000" m_b="0.000000" m_c="0.000000" m_d="1.000000" m_tx="-120.000000" m_ty="192.000000"/>
   <element name="magic_electric_chip" layername="magic_electric_chip" frame="0" z_index="1" m_a="1.000000" m_b="0.000000" m_c="0.000000" m_d="1.000000" m_tx="96.000000" m_ty="209.000000"/>
  </frame>
  <frame idx="725" w="687" h="572" x="150.743790" y="-5.156433">
   <element name="shield_chip" layername="shield_chip-2" frame="2" z_index="6" m_a="1.000000" m_b="0.000000" m_c="0.000000" m_d="1.000000" m_tx="500.705444" m_ty="-179.990524"/>
   <element name="shield_chip" layername="shield_chip" frame="1" z_index="5" m_a="1.000000" m_b="0.000000" m_c="0.000000" m_d="1.000000" m_tx="353.000000" m_ty="38.000000"/>
   <element name="shield_chip" layername="shield_chip" frame="0" z_index="4" m_a="1.000000" m_b="0.000000" m_c="0.000000" m_d="1.000000" m_tx="502.000000" m_ty="96.000000"/>
   <element name="magic_electric_chip" layername="magic_electric_chip-2" frame="2" z_index="3" m_a="1.000000" m_b="0.000000" m_c="0.000000" m_d="1.000000" m_tx="180.782944" m_ty="-162.038712"/>
   <element name="magic_electric_chip" layername="magic_electric_chip" frame="1" z_index="2" m_a="1.000000" m_b="0.000000" m_c="0.000000" m_d="1.000000" m_tx="-120.000000" m_ty="192.000000"/>
   <element name="magic_electric_chip" layername="magic_electric_chip" frame="0" z_index="1" m_a="1.000000" m_b="0.000000" m_c="0.000000" m_d="1.000000" m_tx="96.000000" m_ty="209.000000"/>
  </frame>
  <frame idx="750" w="687" h="572" x="150.743790" y="-5.156433">
   <element name="shield_chip" layername="shield_chip-2" frame="2" z_index="6" m_a="1.000000" m_b="0.000000" m_c="0.000000" m_d="1.000000" m_tx="500.705444" m_ty="-179.990524"/>
   <element name="shield_chip" layername="shield_chip" frame="1" z_index="5" m_a="1.000000" m_b="0.000000" m_c="0.000000" m_d="1.000000" m_tx="353.000000" m_ty="38.000000"/>
   <element name="shield_chip" layername="shield_chip" frame="0" z_index="4" m_a="1.000000" m_b="0.000000" m_c="0.000000" m_d="1.000000" m_tx="502.000000" m_ty="96.000000"/>
   <element name="magic_electric_chip" layername="magic_electric_chip-2" frame="2" z_index="3" m_a="1.000000" m_b="0.000000" m_c="0.000000" m_d="1.000000" m_tx="180.782944" m_ty="-162.038712"/>
   <element name="magic_electric_chip" layername="magic_electric_chip" frame="1" z_index="2" m_a="1.000000" m_b="0.000000" m_c="0.000000" m_d="1.000000" m_tx="-120.000000" m_ty="192.000000"/>
   <element name="magic_electric_chip" layername="magic_electric_chip" frame="0" z_index="1" m_a="1.000000" m_b="0.000000" m_c="0.000000" m_d="1.000000" m_tx="96.000000" m_ty="209.000000"/>
  </frame>
  <frame idx="775" w="687" h="572" x="150.743790" y="-5.156433">
   <element name="shield_chip" layername="shield_chip-2" frame="2" z_index="6" m_a="1.000000" m_b="0.000000" m_c="0.000000" m_d="1.000000" m_tx="500.705444" m_ty="-179.990524"/>
   <element name="shield_chip" layername="shield_chip" frame="1" z_index="5" m_a="1.000000" m_b="0.000000" m_c="0.000000" m_d="1.000000" m_tx="353.000000" m_ty="38.000000"/>
   <element name="shield_chip" layername="shield_chip" frame="0" z_index="4" m_a="1.000000" m_b="0.000000" m_c="0.000000" m_d="1.000000" m_tx="502.000000" m_ty="96.000000"/>
   <element name="magic_electric_chip" layername="magic_electric_chip-2" frame="2" z_index="3" m_a="1.000000" m_b="0.000000" m_c="0.000000" m_d="1.000000" m_tx="180.782944" m_ty="-162.038712"/>
   <element name="magic_electric_chip" layername="magic_electric_chip" frame="1" z_index="2" m_a="1.000000" m_b="0.000000" m_c="0.000000" m_d="1.000000" m_tx="-120.000000" m_ty="192.000000"/>
   <element name="magic_electric_chip" layername="magic_electric_chip" frame="0" z_index="1" m_a="1.000000" m_b="0.000000" m_c="0.000000" m_d="1.000000" m_tx="96.000000" m_ty="209.000000"/>
  </frame>
  <frame idx="800" w="687" h="572" x="150.743790" y="-5.156433">
   <element name="shield_chip" layername="shield_chip-2" frame="2" z_index="6" m_a="1.000000" m_b="0.000000" m_c="0.000000" m_d="1.000000" m_tx="500.705444" m_ty="-179.990524"/>
   <element name="shield_chip" layername="shield_chip" frame="1" z_index="5" m_a="1.000000" m_b="0.000000" m_c="0.000000" m_d="1.000000" m_tx="353.000000" m_ty="38.000000"/>
   <element name="shield_chip" layername="shield_chip" frame="0" z_index="4" m_a="1.000000" m_b="0.000000" m_c="0.000000" m_d="1.000000" m_tx="502.000000" m_ty="96.000000"/>
   <element name="magic_electric_chip" layername="magic_electric_chip-2" frame="2" z_index="3" m_a="1.000000" m_b="0.000000" m_c="0.000000" m_d="1.000000" m_tx="180.782944" m_ty="-162.038712"/>
   <element name="magic_electric_chip" layername="magic_electric_chip" frame="1" z_index="2" m_a="1.000000" m_b="0.000000" m_c="0.000000" m_d="1.000000" m_tx="-120.000000" m_ty="192.000000"/>
   <element name="magic_electric_chip" layername="magic_electric_chip" frame="0" z_index="1" m_a="1.000000" m_b="0.000000" m_c="0.000000" m_d="1.000000" m_tx="96.000000" m_ty="209.000000"/>
  </frame>
  <frame idx="825" w="687" h="572" x="150.743790" y="-5.156433">
   <element name="shield_chip" layername="shield_chip-2" frame="2" z_index="6" m_a="1.000000" m_b="0.000000" m_c="0.000000" m_d="1.000000" m_tx="500.705444" m_ty="-179.990524"/>
   <element name="shield_chip" layername="shield_chip" frame="1" z_index="5" m_a="1.000000" m_b="0.000000" m_c="0.000000" m_d="1.000000" m_tx="353.000000" m_ty="38.000000"/>
   <element name="shield_chip" layername="shield_chip" frame="0" z_index="4" m_a="1.000000" m_b="0.000000" m_c="0.000000" m_d="1.000000" m_tx="502.000000" m_ty="96.000000"/>
   <element name="magic_electric_chip" layername="magic_electric_chip-2" frame="2" z_index="3" m_a="1.000000" m_b="0.000000" m_c="0.000000" m_d="1.000000" m_tx="180.782944" m_ty="-162.038712"/>
   <element name="magic_electric_chip" layername="magic_electric_chip" frame="1" z_index="2" m_a="1.000000" m_b="0.000000" m_c="0.000000" m_d="1.000000" m_tx="-120.000000" m_ty="192.000000"/>
   <element name="magic_electric_chip" layername="magic_electric_chip" frame="0" z_index="1" m_a="1.000000" m_b="0.000000" m_c="0.000000" m_d="1.000000" m_tx="96.000000" m_ty="209.000000"/>
  </frame>
  <frame idx="850" w="687" h="572" x="150.743790" y="-5.156433">
   <element name="shield_chip" layername="shield_chip-2" frame="2" z_index="6" m_a="1.000000" m_b="0.000000" m_c="0.000000" m_d="1.000000" m_tx="500.705444" m_ty="-179.990524"/>
   <element name="shield_chip" layername="shield_chip" frame="1" z_index="5" m_a="1.000000" m_b="0.000000" m_c="0.000000" m_d="1.000000" m_tx="353.000000" m_ty="38.000000"/>
   <element name="shield_chip" layername="shield_chip" frame="0" z_index="4" m_a="1.000000" m_b="0.000000" m_c="0.000000" m_d="1.000000" m_tx="502.000000" m_ty="96.000000"/>
   <element name="magic_electric_chip" layername="magic_electric_chip-2" frame="2" z_index="3" m_a="1.000000" m_b="0.000000" m_c="0.000000" m_d="1.000000" m_tx="180.782944" m_ty="-162.038712"/>
   <element name="magic_electric_chip" layername="magic_electric_chip" frame="1" z_index="2" m_a="1.000000" m_b="0.000000" m_c="0.000000" m_d="1.000000" m_tx="-120.000000" m_ty="192.000000"/>
   <element name="magic_electric_chip" layername="magic_electric_chip" frame="0" z_index="1" m_a="1.000000" m_b="0.000000" m_c="0.000000" m_d="1.000000" m_tx="96.000000" m_ty="209.000000"/>
  </frame>
  <frame idx="875" w="687" h="572" x="150.743790" y="-5.156433">
   <element name="shield_chip" layername="shield_chip-2" frame="2" z_index="6" m_a="1.000000" m_b="0.000000" m_c="0.000000" m_d="1.000000" m_tx="500.705444" m_ty="-179.990524"/>
   <element name="shield_chip" layername="shield_chip" frame="1" z_index="5" m_a="1.000000" m_b="0.000000" m_c="0.000000" m_d="1.000000" m_tx="353.000000" m_ty="38.000000"/>
   <element name="shield_chip" layername="shield_chip" frame="0" z_index="4" m_a="1.000000" m_b="0.000000" m_c="0.000000" m_d="1.000000" m_tx="502.000000" m_ty="96.000000"/>
   <element name="magic_electric_chip" layername="magic_electric_chip-2" frame="2" z_index="3" m_a="1.000000" m_b="0.000000" m_c="0.000000" m_d="1.000000" m_tx="180.782944" m_ty="-162.038712"/>
   <element name="magic_electric_chip" layername="magic_electric_chip" frame="1" z_index="2" m_a="1.000000" m_b="0.000000" m_c="0.000000" m_d="1.000000" m_tx="-120.000000" m_ty="192.000000"/>
   <element name="magic_electric_chip" layername="magic_electric_chip" frame="0" z_index="1" m_a="1.000000" m_b="0.000000" m_c="0.000000" m_d="1.000000" m_tx="96.000000" m_ty="209.000000"/>
  </frame>
  <frame idx="900" w="687" h="572" x="150.743790" y="-5.156433">
   <element name="shield_chip" layername="shield_chip-2" frame="2" z_index="6" m_a="1.000000" m_b="0.000000" m_c="0.000000" m_d="1.000000" m_tx="500.705444" m_ty="-179.990524"/>
   <element name="shield_chip" layername="shield_chip" frame="1" z_index="5" m_a="1.000000" m_b="0.000000" m_c="0.000000" m_d="1.000000" m_tx="353.000000" m_ty="38.000000"/>
   <element name="shield_chip" layername="shield_chip" frame="0" z_index="4" m_a="1.000000" m_b="0.000000" m_c="0.000000" m_d="1.000000" m_tx="502.000000" m_ty="96.000000"/>
   <element name="magic_electric_chip" layername="magic_electric_chip-2" frame="2" z_index="3" m_a="1.000000" m_b="0.000000" m_c="0.000000" m_d="1.000000" m_tx="180.782944" m_ty="-162.038712"/>
   <element name="magic_electric_chip" layername="magic_electric_chip" frame="1" z_index="2" m_a="1.000000" m_b="0.000000" m_c="0.000000" m_d="1.000000" m_tx="-120.000000" m_ty="192.000000"/>
   <element name="magic_electric_chip" layername="magic_electric_chip" frame="0" z_index="1" m_a="1.000000" m_b="0.000000" m_c="0.000000" m_d="1.000000" m_tx="96.000000" m_ty="209.000000"/>
  </frame>
  <frame idx="925" w="687" h="572" x="150.743790" y="-5.156433">
   <element name="shield_chip" layername="shield_chip-2" frame="2" z_index="6" m_a="1.000000" m_b="0.000000" m_c="0.000000" m_d="1.000000" m_tx="500.705444" m_ty="-179.990524"/>
   <element name="shield_chip" layername="shield_chip" frame="1" z_index="5" m_a="1.000000" m_b="0.000000" m_c="0.000000" m_d="1.000000" m_tx="353.000000" m_ty="38.000000"/>
   <element name="shield_chip" layername="shield_chip" frame="0" z_index="4" m_a="1.000000" m_b="0.000000" m_c="0.000000" m_d="1.000000" m_tx="502.000000" m_ty="96.000000"/>
   <element name="magic_electric_chip" layername="magic_electric_chip-2" frame="2" z_index="3" m_a="1.000000" m_b="0.000000" m_c="0.000000" m_d="1.000000" m_tx="180.782944" m_ty="-162.038712"/>
   <element name="magic_electric_chip" layername="magic_electric_chip" frame="1" z_index="2" m_a="1.000000" m_b="0.000000" m_c="0.000000" m_d="1.000000" m_tx="-120.000000" m_ty="192.000000"/>
   <element name="magic_electric_chip" layername="magic_electric_chip" frame="0" z_index="1" m_a="1.000000" m_b="0.000000" m_c="0.000000" m_d="1.000000" m_tx="96.000000" m_ty="209.000000"/>
  </frame>
  <frame idx="950" w="687" h="572" x="150.743790" y="-5.156433">
   <element name="shield_chip" layername="shield_chip-2" frame="2" z_index="6" m_a="1.000000" m_b="0.000000" m_c="0.000000" m_d="1.000000" m_tx="500.705444" m_ty="-179.990524"/>
   <element name="shield_chip" layername="shield_chip" frame="1" z_index="5" m_a="1.000000" m_b="0.000000" m_c="0.000000" m_d="1.000000" m_tx="353.000000" m_ty="38.000000"/>
   <element name="shield_chip" layername="shield_chip" frame="0" z_index="4" m_a="1.000000" m_b="0.000000" m_c="0.000000" m_d="1.000000" m_tx="502.000000" m_ty="96.000000"/>
   <element name="magic_electric_chip" layername="magic_electric_chip-2" frame="2" z_index="3" m_a="1.000000" m_b="0.000000" m_c="0.000000" m_d="1.000000" m_tx="180.782944" m_ty="-162.038712"/>
   <element name="magic_electric_chip" layername="magic_electric_chip" frame="1" z_index="2" m_a="1.000000" m_b="0.000000" m_c="0.000000" m_d="1.000000" m_tx="-120.000000" m_ty="192.000000"/>
   <element name="magic_electric_chip" layername="magic_electric_chip" frame="0" z_index="1" m_a="1.000000" m_b="0.000000" m_c="0.000000" m_d="1.000000" m_tx="96.000000" m_ty="209.000000"/>
  </frame>
  <frame idx="975" w="687" h="572" x="150.743790" y="-5.156433">
   <element name="shield_chip" layername="shield_chip-2" frame="2" z_index="6" m_a="1.000000" m_b="0.000000" m_c="0.000000" m_d="1.000000" m_tx="500.705444" m_ty="-179.990524"/>
   <element name="shield_chip" layername="shield_chip" frame="1" z_index="5" m_a="1.000000" m_b="0.000000" m_c="0.000000" m_d="1.000000" m_tx="353.000000" m_ty="38.000000"/>
   <element name="shield_chip" layername="shield_chip" frame="0" z_index="4" m_a="1.000000" m_b="0.000000" m_c="0.000000" m_d="1.000000" m_tx="502.000000" m_ty="96.000000"/>
   <element name="magic_electric_chip" layername="magic_electric_chip-2" frame="2" z_index="3" m_a="1.000000" m_b="0.000000" m_c="0.000000" m_d="1.000000" m_tx="180.782944" m_ty="-162.038712"/>
   <element name="magic_electric_chip" layername="magic_electric_chip" frame="1" z_index="2" m_a="1.000000" m_b="0.000000" m_c="0.000000" m_d="1.000000" m_tx="-120.000000" m_ty="192.000000"/>
   <element name="magic_electric_chip" layername="magic_electric_chip" frame="0" z_index="1" m_a="1.000000" m_b="0.000000" m_c="0.000000" m_d="1.000000" m_tx="96.000000" m_ty="209.000000"/>
  </frame>
 </anim>
</Anims>
