<Anims>
 <anim name="idle" root="mark_arrow" numframes="1000" framerate="40">
  <frame idx="0" w="112" h="322" x="-1.000000" y="-91.965607">
   <element name="arrow" layername="arrow" frame="0" z_index="1" m_a="1.000000" m_b="0.000000" m_c="0.000000" m_d="1.000000" m_tx="0.000000" m_ty="0.000000"/>
  </frame>
  <frame idx="25" w="112" h="326" x="-1.000000" y="-95.726654">
   <element name="arrow" layername="arrow" frame="0" z_index="1" m_a="1.000000" m_b="0.000000" m_c="0.000000" m_d="1.000000" m_tx="0.000000" m_ty="-3.761062"/>
  </frame>
  <frame idx="50" w="112" h="330" x="-1.000000" y="-99.487732">
   <element name="arrow" layername="arrow" frame="0" z_index="1" m_a="1.000000" m_b="0.000000" m_c="0.000000" m_d="1.000000" m_tx="0.000000" m_ty="-7.522124"/>
  </frame>
  <frame idx="75" w="112" h="335" x="-1.000000" y="-103.248779">
   <element name="arrow" layername="arrow" frame="0" z_index="1" m_a="1.000000" m_b="0.000000" m_c="0.000000" m_d="1.000000" m_tx="0.000000" m_ty="-11.283186"/>
  </frame>
  <frame idx="100" w="112" h="339" x="-1.000000" y="-107.009857">
   <element name="arrow" layername="arrow" frame="0" z_index="1" m_a="1.000000" m_b="0.000000" m_c="0.000000" m_d="1.000000" m_tx="0.000000" m_ty="-15.044248"/>
  </frame>
  <frame idx="125" w="112" h="343" x="-1.000000" y="-110.056519">
   <element name="arrow" layername="arrow" frame="0" z_index="1" m_a="1.000000" m_b="0.000000" m_c="0.000000" m_d="1.000000" m_tx="0.000000" m_ty="-18.090910"/>
  </frame>
  <frame idx="150" w="112" h="345" x="-1.000000" y="-112.329224">
   <element name="arrow" layername="arrow" frame="0" z_index="1" m_a="1.000000" m_b="0.000000" m_c="0.000000" m_d="1.000000" m_tx="0.000000" m_ty="-20.363636"/>
  </frame>
  <frame idx="175" w="112" h="347" x="-1.000000" y="-114.601959">
   <element name="arrow" layername="arrow" frame="0" z_index="1" m_a="1.000000" m_b="0.000000" m_c="0.000000" m_d="1.000000" m_tx="0.000000" m_ty="-22.636364"/>
  </frame>
  <frame idx="200" w="112" h="349" x="-1.000000" y="-116.874695">
   <element name="arrow" layername="arrow" frame="0" z_index="1" m_a="1.000000" m_b="0.000000" m_c="0.000000" m_d="1.000000" m_tx="0.000000" m_ty="-24.909092"/>
  </frame>
  <frame idx="225" w="112" h="352" x="-1.000000" y="-119.092865">
   <element name="arrow" layername="arrow" frame="0" z_index="1" m_a="1.000000" m_b="0.000000" m_c="0.000000" m_d="1.000000" m_tx="0.000000" m_ty="-27.127274"/>
  </frame>
  <frame idx="250" w="112" h="354" x="-1.000000" y="-120.683777">
   <element name="arrow" layername="arrow" frame="0" z_index="1" m_a="1.000000" m_b="0.000000" m_c="0.000000" m_d="1.000000" m_tx="0.000000" m_ty="-28.718182"/>
  </frame>
  <frame idx="275" w="112" h="356" x="-1.000000" y="-122.274689">
   <element name="arrow" layername="arrow" frame="0" z_index="1" m_a="1.000000" m_b="0.000000" m_c="0.000000" m_d="1.000000" m_tx="0.000000" m_ty="-30.309092"/>
  </frame>
  <frame idx="300" w="112" h="357" x="-1.000000" y="-123.865601">
   <element name="arrow" layername="arrow" frame="0" z_index="1" m_a="1.000000" m_b="0.000000" m_c="0.000000" m_d="1.000000" m_tx="0.000000" m_ty="-31.900000"/>
  </frame>
  <frame idx="325" w="112" h="359" x="-1.000000" y="-125.456512">
   <element name="arrow" layername="arrow" frame="0" z_index="1" m_a="1.000000" m_b="0.000000" m_c="0.000000" m_d="1.000000" m_tx="0.000000" m_ty="-33.490910"/>
  </frame>
  <frame idx="350" w="112" h="360" x="-1.000000" y="-126.868256">
   <element name="arrow" layername="arrow" frame="0" z_index="1" m_a="1.000000" m_b="0.000000" m_c="0.000000" m_d="1.000000" m_tx="0.000000" m_ty="-34.902657"/>
  </frame>
  <frame idx="375" w="112" h="362" x="-1.000000" y="-128.195679">
   <element name="arrow" layername="arrow" frame="0" z_index="1" m_a="1.000000" m_b="0.000000" m_c="0.000000" m_d="1.000000" m_tx="0.000000" m_ty="-36.230087"/>
  </frame>
  <frame idx="400" w="112" h="363" x="-1.000000" y="-129.523132">
   <element name="arrow" layername="arrow" frame="0" z_index="1" m_a="1.000000" m_b="0.000000" m_c="0.000000" m_d="1.000000" m_tx="0.000000" m_ty="-37.557522"/>
  </frame>
  <frame idx="425" w="112" h="365" x="-1.000000" y="-130.850555">
   <element name="arrow" layername="arrow" frame="0" z_index="1" m_a="1.000000" m_b="0.000000" m_c="0.000000" m_d="1.000000" m_tx="0.000000" m_ty="-38.884956"/>
  </frame>
  <frame idx="450" w="112" h="366" x="-1.000000" y="-131.965607">
   <element name="arrow" layername="arrow" frame="0" z_index="1" m_a="1.000000" m_b="0.000000" m_c="0.000000" m_d="1.000000" m_tx="0.000000" m_ty="-40.000000"/>
  </frame>
  <frame idx="475" w="112" h="366" x="-1.000000" y="-131.965607">
   <element name="arrow" layername="arrow" frame="0" z_index="1" m_a="1.000000" m_b="0.000000" m_c="0.000000" m_d="1.000000" m_tx="0.000000" m_ty="-40.000000"/>
  </frame>
  <frame idx="500" w="112" h="366" x="-1.000000" y="-131.965607">
   <element name="arrow" layername="arrow" frame="0" z_index="1" m_a="1.000000" m_b="0.000000" m_c="0.000000" m_d="1.000000" m_tx="0.000000" m_ty="-40.000000"/>
  </frame>
  <frame idx="525" w="112" h="366" x="-1.000000" y="-131.965607">
   <element name="arrow" layername="arrow" frame="0" z_index="1" m_a="1.000000" m_b="0.000000" m_c="0.000000" m_d="1.000000" m_tx="0.000000" m_ty="-40.000000"/>
  </frame>
  <frame idx="550" w="112" h="366" x="-1.000000" y="-131.965607">
   <element name="arrow" layername="arrow" frame="0" z_index="1" m_a="1.000000" m_b="0.000000" m_c="0.000000" m_d="1.000000" m_tx="0.000000" m_ty="-40.000000"/>
  </frame>
  <frame idx="575" w="112" h="365" x="-1.000000" y="-130.797455">
   <element name="arrow" layername="arrow" frame="0" z_index="1" m_a="1.000000" m_b="0.000000" m_c="0.000000" m_d="1.000000" m_tx="0.000000" m_ty="-38.831860"/>
  </frame>
  <frame idx="600" w="112" h="363" x="-1.000000" y="-129.470032">
   <element name="arrow" layername="arrow" frame="0" z_index="1" m_a="1.000000" m_b="0.000000" m_c="0.000000" m_d="1.000000" m_tx="0.000000" m_ty="-37.504425"/>
  </frame>
  <frame idx="625" w="112" h="362" x="-1.000000" y="-128.142578">
   <element name="arrow" layername="arrow" frame="0" z_index="1" m_a="1.000000" m_b="0.000000" m_c="0.000000" m_d="1.000000" m_tx="0.000000" m_ty="-36.176991"/>
  </frame>
  <frame idx="650" w="112" h="360" x="-1.000000" y="-126.815155">
   <element name="arrow" layername="arrow" frame="0" z_index="1" m_a="1.000000" m_b="0.000000" m_c="0.000000" m_d="1.000000" m_tx="0.000000" m_ty="-34.849556"/>
  </frame>
  <frame idx="675" w="112" h="359" x="-1.000000" y="-125.427155">
   <element name="arrow" layername="arrow" frame="0" z_index="1" m_a="1.000000" m_b="0.000000" m_c="0.000000" m_d="1.000000" m_tx="0.000000" m_ty="-33.461540"/>
  </frame>
  <frame idx="700" w="112" h="357" x="-1.000000" y="-123.931427">
   <element name="arrow" layername="arrow" frame="0" z_index="1" m_a="1.000000" m_b="0.000000" m_c="0.000000" m_d="1.000000" m_tx="0.000000" m_ty="-31.965813"/>
  </frame>
  <frame idx="725" w="112" h="356" x="-1.000000" y="-122.435699">
   <element name="arrow" layername="arrow" frame="0" z_index="1" m_a="1.000000" m_b="0.000000" m_c="0.000000" m_d="1.000000" m_tx="0.000000" m_ty="-30.470085"/>
  </frame>
  <frame idx="750" w="112" h="354" x="-1.000000" y="-120.939972">
   <element name="arrow" layername="arrow" frame="0" z_index="1" m_a="1.000000" m_b="0.000000" m_c="0.000000" m_d="1.000000" m_tx="0.000000" m_ty="-28.974360"/>
  </frame>
  <frame idx="775" w="112" h="352" x="-1.000000" y="-119.444229">
   <element name="arrow" layername="arrow" frame="0" z_index="1" m_a="1.000000" m_b="0.000000" m_c="0.000000" m_d="1.000000" m_tx="0.000000" m_ty="-27.478632"/>
  </frame>
  <frame idx="800" w="112" h="350" x="-1.000000" y="-117.315125">
   <element name="arrow" layername="arrow" frame="0" z_index="1" m_a="1.000000" m_b="0.000000" m_c="0.000000" m_d="1.000000" m_tx="0.000000" m_ty="-25.349514"/>
  </frame>
  <frame idx="825" w="112" h="347" x="-1.000000" y="-114.887939">
   <element name="arrow" layername="arrow" frame="0" z_index="1" m_a="1.000000" m_b="0.000000" m_c="0.000000" m_d="1.000000" m_tx="0.000000" m_ty="-22.922329"/>
  </frame>
  <frame idx="850" w="112" h="345" x="-1.000000" y="-112.460754">
   <element name="arrow" layername="arrow" frame="0" z_index="1" m_a="1.000000" m_b="0.000000" m_c="0.000000" m_d="1.000000" m_tx="0.000000" m_ty="-20.495146"/>
  </frame>
  <frame idx="875" w="112" h="343" x="-1.000000" y="-110.033569">
   <element name="arrow" layername="arrow" frame="0" z_index="1" m_a="1.000000" m_b="0.000000" m_c="0.000000" m_d="1.000000" m_tx="0.000000" m_ty="-18.067963"/>
  </frame>
  <frame idx="900" w="112" h="338" x="-1.000000" y="-106.877869">
   <element name="arrow" layername="arrow" frame="0" z_index="1" m_a="1.000000" m_b="0.000000" m_c="0.000000" m_d="1.000000" m_tx="0.000000" m_ty="-14.912281"/>
  </frame>
  <frame idx="925" w="112" h="335" x="-1.000000" y="-103.149811">
   <element name="arrow" layername="arrow" frame="0" z_index="1" m_a="1.000000" m_b="0.000000" m_c="0.000000" m_d="1.000000" m_tx="0.000000" m_ty="-11.184210"/>
  </frame>
  <frame idx="950" w="112" h="330" x="-1.000000" y="-99.421738">
   <element name="arrow" layername="arrow" frame="0" z_index="1" m_a="1.000000" m_b="0.000000" m_c="0.000000" m_d="1.000000" m_tx="0.000000" m_ty="-7.456141"/>
  </frame>
  <frame idx="975" w="112" h="326" x="-1.000000" y="-95.693665">
   <element name="arrow" layername="arrow" frame="0" z_index="1" m_a="1.000000" m_b="0.000000" m_c="0.000000" m_d="1.000000" m_tx="0.000000" m_ty="-3.728070"/>
  </frame>
 </anim>
</Anims>
